/SUB_TOP_R (plaintext=103) X,/SUB_TOP_R (plaintext=103) Y
0,4.376869921491282e-05
5e-11,4.415105631062752e-05
9.999999999999999e-11,4.442635089482776e-05
1.5e-10,4.441055617664317e-05
2e-10,4.44116385320043e-05
2.5e-10,4.441169904448173e-05
2.999999999999999e-10,4.441170289406068e-05
3.499999999999999e-10,4.441170275352613e-05
3.999999999999999e-10,4.441170196006629e-05
4.499999999999999e-10,4.441170380145457e-05
4.999999999999999e-10,4.441170090534008e-05
5.5e-10,4.441170299063516e-05
6e-10,4.441170360751032e-05
6.5e-10,4.441170122096173e-05
7.000000000000001e-10,4.441170701400013e-05
7.500000000000001e-10,4.441169866557419e-05
8.000000000000001e-10,4.441170509285732e-05
8.500000000000002e-10,4.441169777626787e-05
9.000000000000002e-10,4.441170253084823e-05
9.500000000000002e-10,4.441170728542858e-05
1e-09,4.441170581950495e-05
1.05e-09,4.441170310492737e-05
1.1e-09,4.441170039034979e-05
1.15e-09,4.441169767577221e-05
1.2e-09,4.441170131820568e-05
1.25e-09,4.441170699700197e-05
1.3e-09,4.44117059359468e-05
1.350000000000001e-09,4.441170306709497e-05
1.400000000000001e-09,4.441170019824314e-05
1.450000000000001e-09,4.441169732939132e-05
1.500000000000001e-09,4.441169867753855e-05
1.550000000000001e-09,4.44117007655356e-05
1.600000000000001e-09,4.441170285353266e-05
1.650000000000001e-09,4.441170494152972e-05
1.700000000000001e-09,4.441170702952678e-05
1.750000000000001e-09,4.441170735400648e-05
1.800000000000001e-09,4.441170529616958e-05
1.850000000000001e-09,4.441170323833266e-05
1.900000000000001e-09,4.441170118049575e-05
1.950000000000001e-09,4.441169912265885e-05
2.000000000000001e-09,4.441169706482193e-05
2.050000000000001e-09,4.434993121450968e-05
2.100000000000001e-09,4.386540787338715e-05
2.150000000000001e-09,4.37756356317415e-05
2.200000000000001e-09,4.376919003124879e-05
2.250000000000001e-09,4.376874799678943e-05
2.300000000000001e-09,4.376870077240327e-05
2.350000000000001e-09,4.376869873627707e-05
2.400000000000001e-09,4.376869948516203e-05
2.450000000000001e-09,4.376869962655957e-05
2.500000000000001e-09,4.37687004392815e-05
2.550000000000001e-09,4.376869925085221e-05
2.600000000000001e-09,4.376869944911494e-05
2.650000000000001e-09,4.376870029453034e-05
2.700000000000001e-09,4.376869883712044e-05
2.750000000000001e-09,4.376869816479929e-05
2.800000000000001e-09,4.376869857837515e-05
2.850000000000002e-09,4.376870098596454e-05
2.900000000000002e-09,4.376870047876448e-05
2.950000000000002e-09,4.376869910200502e-05
3.000000000000002e-09,4.376869772524557e-05
3.050000000000002e-09,4.376869741055218e-05
3.100000000000002e-09,4.376869897939833e-05
3.150000000000002e-09,4.376869930428483e-05
3.200000000000002e-09,4.376869913284151e-05
3.250000000000002e-09,4.376869896139818e-05
3.300000000000002e-09,4.376869890501645e-05
3.350000000000002e-09,4.376869900540495e-05
3.400000000000002e-09,4.376869910579344e-05
3.450000000000002e-09,4.376869920618193e-05
3.500000000000002e-09,4.376869930657043e-05
3.550000000000002e-09,4.376869940695891e-05
3.600000000000002e-09,4.376869950734741e-05
3.650000000000002e-09,4.376869945094827e-05
3.700000000000002e-09,4.376869936473947e-05
3.750000000000002e-09,4.376869927853065e-05
3.800000000000002e-09,4.376869919232185e-05
3.850000000000001e-09,4.376869910611304e-05
3.900000000000001e-09,4.376869901990423e-05
3.950000000000001e-09,4.376869893369542e-05
4e-09,4.376869884748662e-05
4.05e-09,4.414889035145228e-05
4.099999999999999e-09,4.442627179534871e-05
4.149999999999999e-09,4.441056643620387e-05
4.199999999999999e-09,4.441163381354323e-05
4.249999999999998e-09,4.441169159424878e-05
4.299999999999998e-09,4.441170744186349e-05
4.349999999999998e-09,4.44116969457635e-05
4.399999999999997e-09,4.44117076565432e-05
4.449999999999997e-09,4.441170203477754e-05
4.499999999999996e-09,4.441170353227832e-05
4.549999999999996e-09,4.441170214279388e-05
4.599999999999996e-09,4.441170431004254e-05
4.649999999999995e-09,4.441170078484008e-05
4.699999999999995e-09,4.441170268044059e-05
4.749999999999995e-09,4.441170478682261e-05
4.799999999999994e-09,4.441169984373941e-05
4.849999999999994e-09,4.441170091515235e-05
4.899999999999993e-09,4.44117055143881e-05
4.949999999999993e-09,4.441170406931506e-05
4.999999999999993e-09,4.441169727627276e-05
5.049999999999992e-09,4.383051986358049e-05
5.099999999999992e-09,4.383055091118883e-05
5.149999999999992e-09,4.383042643158357e-05
5.199999999999991e-09,4.383057306582655e-05
5.249999999999991e-09,4.383034758073109e-05
5.29999999999999e-09,4.383031465318023e-05
5.34999999999999e-09,4.383043230837994e-05
5.39999999999999e-09,4.383054996357966e-05
5.449999999999989e-09,4.383065520946196e-05
5.499999999999989e-09,4.383058391731421e-05
5.549999999999988e-09,4.383051262516647e-05
5.599999999999988e-09,4.383044133301872e-05
5.649999999999988e-09,4.383037004087097e-05
5.699999999999987e-09,4.383029874872322e-05
5.749999999999987e-09,4.383027127242755e-05
5.799999999999987e-09,4.383034903076617e-05
5.849999999999986e-09,4.383042678910481e-05
5.899999999999986e-09,4.383050454744344e-05
5.949999999999985e-09,4.383058230578207e-05
5.999999999999985e-09,4.38306600641207e-05
6.049999999999985e-09,4.37999660097361e-05
6.099999999999984e-09,4.297775464661976e-05
6.149999999999984e-09,4.288459111800949e-05
6.199999999999984e-09,4.287868393348708e-05
6.249999999999983e-09,4.287809150077947e-05
6.299999999999983e-09,4.287810436506422e-05
6.349999999999982e-09,4.2878073753068e-05
6.399999999999982e-09,4.287809784158392e-05
6.449999999999982e-09,4.287807875997947e-05
6.499999999999981e-09,4.287809268725155e-05
6.549999999999981e-09,4.28780818116896e-05
6.599999999999981e-09,4.287808620688505e-05
6.64999999999998e-09,4.287808535327519e-05
6.69999999999998e-09,4.287807873796965e-05
6.749999999999979e-09,4.287808924169722e-05
6.799999999999979e-09,4.287807069181952e-05
6.849999999999979e-09,4.287809347280202e-05
6.899999999999978e-09,4.28780625296699e-05
6.949999999999978e-09,4.287809759922215e-05
6.999999999999977e-09,4.287805964634918e-05
7.049999999999977e-09,4.287807539336802e-05
7.099999999999977e-09,4.287809382776524e-05
7.149999999999976e-09,4.287810249440319e-05
7.199999999999976e-09,4.287806081969799e-05
7.249999999999976e-09,4.287808450836141e-05
7.299999999999975e-09,4.287810819702483e-05
7.349999999999975e-09,4.287809718975533e-05
7.399999999999974e-09,4.287808554704573e-05
7.449999999999974e-09,4.287807390433613e-05
7.499999999999975e-09,4.287806226162653e-05
7.549999999999975e-09,4.287806723199986e-05
7.599999999999975e-09,4.287807736881589e-05
7.649999999999976e-09,4.287808750563193e-05
7.699999999999976e-09,4.287809764244797e-05
7.749999999999977e-09,4.2878107779264e-05
7.799999999999977e-09,4.287809997355414e-05
7.849999999999978e-09,4.287808975334223e-05
7.899999999999978e-09,4.287807953313031e-05
7.949999999999979e-09,4.28780693129184e-05
7.999999999999979e-09,4.287805909270649e-05
8.049999999999979e-09,4.321242197834985e-05
8.09999999999998e-09,4.71847131889376e-05
8.14999999999998e-09,4.825018281673978e-05
8.199999999999981e-09,4.824891749223315e-05
8.249999999999981e-09,4.824868978002852e-05
8.299999999999982e-09,4.824873722285421e-05
8.349999999999982e-09,4.824871665893331e-05
8.399999999999983e-09,4.824868033786381e-05
8.449999999999983e-09,4.824874529803783e-05
8.499999999999983e-09,4.824870887609038e-05
8.549999999999984e-09,4.824869318912667e-05
8.599999999999984e-09,4.824873797996474e-05
8.649999999999985e-09,4.824870113015331e-05
8.699999999999985e-09,4.824870841682743e-05
8.749999999999986e-09,4.82487305046792e-05
8.799999999999986e-09,4.824869320036672e-05
8.849999999999987e-09,4.824872400791089e-05
8.899999999999987e-09,4.824872284030119e-05
8.949999999999987e-09,4.824868508939993e-05
8.999999999999988e-09,4.824873996323882e-05
9.049999999999988e-09,4.824871498556992e-05
9.099999999999989e-09,4.824867948282621e-05
9.149999999999989e-09,4.824874555926967e-05
9.19999999999999e-09,4.824870695697346e-05
9.24999999999999e-09,4.824868179632671e-05
9.299999999999991e-09,4.824870115962118e-05
9.349999999999991e-09,4.824872052291566e-05
9.399999999999992e-09,4.824873988621013e-05
9.449999999999992e-09,4.82487273065952e-05
9.499999999999992e-09,4.824868403461321e-05
9.549999999999993e-09,4.824869528533204e-05
9.599999999999993e-09,4.824871699428246e-05
9.649999999999994e-09,4.824873870323288e-05
9.699999999999994e-09,4.824874405664873e-05
9.749999999999995e-09,4.824873287066628e-05
9.799999999999995e-09,4.824872168468384e-05
9.849999999999996e-09,4.82487104987014e-05
9.899999999999996e-09,4.824869931271896e-05
9.949999999999996e-09,4.824868812673651e-05
9.999999999999997e-09,4.824867694075407e-05
1.005e-08,4.831937841393328e-05
1.01e-08,4.783881607769209e-05
1.015e-08,4.782329194489294e-05
1.02e-08,4.782268444040218e-05
1.025e-08,4.782264773207902e-05
1.03e-08,4.78226374963162e-05
1.035e-08,4.782263738880376e-05
1.04e-08,4.782264469875038e-05
1.045e-08,4.782264050520424e-05
1.05e-08,4.782263681817176e-05
1.055e-08,4.782264379909082e-05
1.06e-08,4.782264288100771e-05
1.065e-08,4.782263581902048e-05
1.07e-08,4.782264262342134e-05
1.075e-08,4.782264500623614e-05
1.08e-08,4.782263484406942e-05
1.085e-08,4.78226415088854e-05
1.09e-08,4.782264706402384e-05
1.095000000000001e-08,4.782263388543414e-05
1.100000000000001e-08,4.782264045217373e-05
1.105000000000001e-08,4.782264701891332e-05
1.110000000000001e-08,4.782263604056615e-05
1.115000000000001e-08,4.782263940183189e-05
1.120000000000001e-08,4.782264590689323e-05
1.125000000000001e-08,4.782264525307836e-05
1.130000000000001e-08,4.78226419672663e-05
1.135000000000001e-08,4.782263868145422e-05
1.140000000000001e-08,4.782263539564216e-05
1.145000000000001e-08,4.782263504328056e-05
1.150000000000001e-08,4.782263745629102e-05
1.155000000000001e-08,4.782263986930148e-05
1.160000000000001e-08,4.782264228231193e-05
1.165000000000001e-08,4.782264469532239e-05
1.170000000000001e-08,4.782264710833285e-05
1.175000000000001e-08,4.782264586027608e-05
1.180000000000001e-08,4.782264343938649e-05
1.185000000000001e-08,4.78226410184969e-05
1.190000000000001e-08,4.782263859760731e-05
1.195000000000001e-08,4.782263617671772e-05
1.200000000000001e-08,4.782263375582813e-05
1.205000000000002e-08,4.800094528316965e-05
1.210000000000002e-08,4.827199825298684e-05
1.215000000000002e-08,4.825058894965027e-05
1.220000000000002e-08,4.824879290083536e-05
1.225000000000002e-08,4.824871622033975e-05
1.230000000000002e-08,4.824871150015813e-05
1.235000000000002e-08,4.82487168536832e-05
1.240000000000002e-08,4.824871463005663e-05
1.245000000000002e-08,4.824871225949955e-05
1.250000000000002e-08,4.824870988894247e-05
1.255000000000002e-08,4.824871401338196e-05
1.260000000000002e-08,4.824871608104329e-05
1.265000000000002e-08,4.824871369232443e-05
1.270000000000002e-08,4.824871130360555e-05
1.275000000000002e-08,4.824871106945896e-05
1.280000000000002e-08,4.824871570745474e-05
1.285000000000002e-08,4.82487150212351e-05
1.290000000000002e-08,4.824871276039373e-05
1.295000000000002e-08,4.824871049955236e-05
1.300000000000002e-08,4.824871293740099e-05
1.305000000000002e-08,4.824871626534714e-05
1.310000000000002e-08,4.824871409042244e-05
1.315000000000003e-08,4.824871191549773e-05
1.320000000000003e-08,4.824871036901749e-05
1.325000000000003e-08,4.824871464604857e-05
1.330000000000003e-08,4.824871533374102e-05
1.335000000000003e-08,4.82487132301041e-05
1.340000000000003e-08,4.824871112646718e-05
1.345000000000003e-08,4.824871210118301e-05
1.350000000000003e-08,4.824871624429659e-05
1.355000000000003e-08,4.824871445684011e-05
1.360000000000003e-08,4.824871240887738e-05
1.365000000000003e-08,4.824871036091465e-05
1.370000000000003e-08,4.824871178060589e-05
1.375000000000003e-08,4.824871363686048e-05
1.380000000000003e-08,4.824871549311508e-05
1.385000000000003e-08,4.824871573750526e-05
1.390000000000003e-08,4.824871396417681e-05
1.395000000000003e-08,4.824871219084837e-05
1.400000000000003e-08,4.824871041751992e-05
1.405000000000003e-08,4.831911165271091e-05
1.410000000000003e-08,4.78388030888403e-05
1.415000000000003e-08,4.782328410810464e-05
1.420000000000003e-08,4.782268145809463e-05
1.425000000000003e-08,4.78226425939403e-05
1.430000000000004e-08,4.78226410063939e-05
1.435000000000004e-08,4.782264089973273e-05
1.440000000000004e-08,4.782264060255438e-05
1.445000000000004e-08,4.782264068354425e-05
1.450000000000004e-08,4.782264083758308e-05
1.455000000000004e-08,4.782264072753913e-05
1.460000000000004e-08,4.782264079656457e-05
1.465000000000004e-08,4.782264096050926e-05
1.470000000000004e-08,4.782264069503934e-05
1.475000000000004e-08,4.782264063495449e-05
1.480000000000004e-08,4.782264116270296e-05
1.485000000000004e-08,4.782264071948513e-05
1.490000000000004e-08,4.782264034643356e-05
1.495000000000004e-08,4.782264140990203e-05
1.500000000000004e-08,4.782264081957164e-05
1.505000000000004e-08,4.782264021545548e-05
1.510000000000004e-08,4.782264132749926e-05
1.515000000000004e-08,4.782264095121345e-05
1.520000000000004e-08,4.78226402161407e-05
1.525000000000004e-08,4.782264025590484e-05
1.530000000000004e-08,4.782264060067046e-05
1.535000000000004e-08,4.782264094543609e-05
1.540000000000005e-08,4.782264129020172e-05
1.545000000000005e-08,4.782264133848645e-05
1.550000000000005e-08,4.782264108814987e-05
1.555000000000005e-08,4.782264083781329e-05
1.560000000000005e-08,4.782264058747671e-05
1.565000000000005e-08,4.782264033714013e-05
1.570000000000005e-08,4.782264008680354e-05
1.575000000000005e-08,4.782264020818916e-05
1.580000000000005e-08,4.782264045407709e-05
1.585000000000005e-08,4.782264069996503e-05
1.590000000000005e-08,4.782264094585297e-05
1.595000000000005e-08,4.78226411917409e-05
1.600000000000005e-08,4.782264143762887e-05
1.605000000000005e-08,4.80009543406651e-05
1.610000000000005e-08,4.827199920832609e-05
1.615000000000005e-08,4.8250589943449e-05
1.620000000000005e-08,4.824879460448159e-05
1.625000000000005e-08,4.82487161311844e-05
1.630000000000005e-08,4.824871223716644e-05
1.635000000000005e-08,4.824871468772969e-05
1.640000000000005e-08,4.824871382639338e-05
1.645000000000005e-08,4.824871290070271e-05
1.650000000000006e-08,4.824871197501204e-05
1.655000000000006e-08,4.824871360649e-05
1.660000000000006e-08,4.824871441946605e-05
1.665000000000006e-08,4.82487134621131e-05
1.670000000000006e-08,4.824871250476016e-05
1.675000000000006e-08,4.824871238901065e-05
1.680000000000006e-08,4.824871417789357e-05
1.685000000000006e-08,4.824871393601593e-05
1.690000000000006e-08,4.824871309288218e-05
1.695000000000006e-08,4.824871224974844e-05
1.700000000000006e-08,4.824871312867033e-05
1.705000000000006e-08,4.824871434195429e-05
1.710000000000006e-08,4.824871357084271e-05
1.715000000000006e-08,4.824871279973113e-05
1.720000000000006e-08,4.824871224749361e-05
1.725000000000006e-08,4.824871373098777e-05
1.730000000000006e-08,4.824871397911706e-05
1.735000000000006e-08,4.824871326516564e-05
1.740000000000006e-08,4.824871255121421e-05
1.745000000000006e-08,4.824871286734765e-05
1.750000000000006e-08,4.824871424540883e-05
1.755000000000006e-08,4.824871365994251e-05
1.760000000000006e-08,4.824871298730725e-05
1.765000000000007e-08,4.824871231467198e-05
1.770000000000007e-08,4.824871280243243e-05
1.775000000000007e-08,4.824871343699042e-05
1.780000000000007e-08,4.824871407154841e-05
1.785000000000007e-08,4.824871417789479e-05
1.790000000000007e-08,4.82487136223852e-05
1.795000000000007e-08,4.82487130668756e-05
1.800000000000007e-08,4.824871251136597e-05
1.805000000000007e-08,4.831911180706202e-05
1.810000000000007e-08,4.783880320557914e-05
1.815000000000007e-08,4.782328367069667e-05
1.820000000000007e-08,4.782268128194184e-05
1.825000000000007e-08,4.782264230327025e-05
1.830000000000007e-08,4.782264120327483e-05
1.835000000000007e-08,4.782264108450695e-05
1.840000000000007e-08,4.782264033475647e-05
1.845000000000007e-08,4.782264069198263e-05
1.850000000000007e-08,4.782264109204643e-05
1.855000000000007e-08,4.782264053784301e-05
1.860000000000007e-08,4.782264066000237e-05
1.865000000000007e-08,4.782264128174233e-05
1.870000000000007e-08,4.782264058072175e-05
1.875000000000008e-08,4.782264035913403e-05
1.880000000000008e-08,4.782264154770587e-05
1.885000000000008e-08,4.782264067772688e-05
1.890000000000008e-08,4.782263993726124e-05
1.895000000000008e-08,4.782264184531473e-05
1.900000000000008e-08,4.782264084746524e-05
1.905000000000008e-08,4.782263982555383e-05
1.910000000000008e-08,4.782264161752705e-05
1.915000000000008e-08,4.782264104576831e-05
1.920000000000008e-08,4.782263990203845e-05
1.925000000000008e-08,4.782263997229086e-05
1.930000000000008e-08,4.782264052023192e-05
1.935000000000008e-08,4.782264106817299e-05
1.940000000000008e-08,4.782264161611406e-05
1.945000000000008e-08,4.782264169222535e-05
1.950000000000008e-08,4.782264129327157e-05
1.955000000000008e-08,4.782264089431778e-05
1.960000000000008e-08,4.7822640495364e-05
1.965000000000008e-08,4.782264009641021e-05
1.970000000000008e-08,4.782263969745643e-05
1.975000000000008e-08,4.782263989260656e-05
1.980000000000008e-08,4.782264028669455e-05
1.985000000000009e-08,4.782264068078255e-05
1.990000000000009e-08,4.782264107487053e-05
1.995000000000009e-08,4.782264146895853e-05
2.000000000000009e-08,4.782264186303992e-05
2.005000000000009e-08,4.434725967752167e-05
2.010000000000009e-08,4.441697257983325e-05
2.015000000000009e-08,4.441046948728786e-05
2.020000000000009e-08,4.441168985369956e-05
2.025000000000009e-08,4.44112593087138e-05
2.030000000000009e-08,4.441201834894404e-05
2.035000000000009e-08,4.44115074515574e-05
2.040000000000009e-08,4.441175418495684e-05
2.045000000000009e-08,4.441184371060099e-05
2.050000000000009e-08,4.441136701978483e-05
2.055000000000009e-08,4.441204500646327e-05
2.060000000000009e-08,4.441169442582203e-05
2.065000000000009e-08,4.441139912105324e-05
2.070000000000009e-08,4.441201218546648e-05
2.075000000000009e-08,4.441155308678676e-05
2.080000000000009e-08,4.441200331556161e-05
2.085000000000009e-08,4.441162104529263e-05
2.090000000000009e-08,4.441146857173627e-05
2.095000000000009e-08,4.441186589494935e-05
2.10000000000001e-08,4.441131099021e-05
2.10500000000001e-08,4.441157441282832e-05
2.11000000000001e-08,4.441185104079534e-05
2.11500000000001e-08,4.441208364859408e-05
2.12000000000001e-08,4.441188095143075e-05
2.12500000000001e-08,4.441167825426743e-05
2.13000000000001e-08,4.44114755571041e-05
2.13500000000001e-08,4.441137101990346e-05
2.14000000000001e-08,4.441181684493331e-05
2.14500000000001e-08,4.441202010078554e-05
2.15000000000001e-08,4.441179758391236e-05
2.15500000000001e-08,4.441157506703917e-05
2.16000000000001e-08,4.441135255016599e-05
2.16500000000001e-08,4.441146544588503e-05
2.17000000000001e-08,4.441166960486409e-05
2.17500000000001e-08,4.441187376384315e-05
2.18000000000001e-08,4.441207792282221e-05
2.18500000000001e-08,4.441191764309226e-05
2.19000000000001e-08,4.441171372031154e-05
2.19500000000001e-08,4.441150979753082e-05
2.20000000000001e-08,4.441130587475012e-05
2.20500000000001e-08,4.435333883785038e-05
2.210000000000011e-08,4.386656916156757e-05
2.215000000000011e-08,4.377564324669488e-05
2.220000000000011e-08,4.376919348559984e-05
2.225000000000011e-08,4.376871034909119e-05
2.230000000000011e-08,4.376873724241443e-05
2.235000000000011e-08,4.376867952398539e-05
2.240000000000011e-08,4.376863928013378e-05
2.245000000000011e-08,4.376872552939729e-05
2.250000000000011e-08,4.376873195784566e-05
2.255000000000011e-08,4.376869329898407e-05
2.260000000000011e-08,4.376866196725183e-05
2.265000000000011e-08,4.376870386424633e-05
2.270000000000011e-08,4.376872664112102e-05
2.275000000000011e-08,4.376869864579531e-05
2.280000000000011e-08,4.376866766555357e-05
2.285000000000011e-08,4.376869347133253e-05
2.290000000000011e-08,4.376871927711149e-05
2.295000000000011e-08,4.37687102848716e-05
2.300000000000011e-08,4.376866793029989e-05
2.305000000000011e-08,4.376869544906261e-05
2.310000000000011e-08,4.376872296782534e-05
2.315000000000011e-08,4.376872570554085e-05
2.320000000000012e-08,4.37687121615837e-05
2.325000000000012e-08,4.376869861762654e-05
2.330000000000012e-08,4.376868507366939e-05
2.335000000000012e-08,4.376867152971223e-05
2.340000000000012e-08,4.376867027512293e-05
2.345000000000012e-08,4.376868123656556e-05
2.350000000000012e-08,4.37686921980082e-05
2.355000000000012e-08,4.376870315945084e-05
2.360000000000012e-08,4.376871412089347e-05
2.365000000000012e-08,4.37687250823361e-05
2.370000000000012e-08,4.376873054931141e-05
2.375000000000012e-08,4.376871959846035e-05
2.380000000000012e-08,4.376870864760929e-05
2.385000000000012e-08,4.376869769675824e-05
2.390000000000012e-08,4.376868674590719e-05
2.395000000000012e-08,4.376867579505614e-05
2.400000000000012e-08,4.376866484420512e-05
2.405000000000012e-08,4.414942535501168e-05
2.410000000000012e-08,4.442621013384079e-05
2.415000000000012e-08,4.44105692894098e-05
2.420000000000012e-08,4.441163450233905e-05
2.425000000000012e-08,4.441169370589998e-05
2.430000000000012e-08,4.441170586779669e-05
2.435000000000013e-08,4.441170016568279e-05
2.440000000000013e-08,4.441170354832339e-05
2.445000000000013e-08,4.441170268757417e-05
2.450000000000013e-08,4.441170555041905e-05
2.455000000000013e-08,4.44116992718948e-05
2.460000000000013e-08,4.441170868776874e-05
2.465000000000013e-08,4.441169584919523e-05
2.470000000000013e-08,4.441170303615289e-05
2.475000000000013e-08,4.441170871195722e-05
2.480000000000013e-08,4.441169535879769e-05
2.485000000000013e-08,4.441169853288327e-05
2.490000000000013e-08,4.441171028581071e-05
2.495000000000013e-08,4.441170626531841e-05
2.500000000000013e-08,4.441168919617142e-05
2.505000000000013e-08,4.38305298152754e-05
2.510000000000013e-08,4.383055610174403e-05
2.515000000000013e-08,4.383042044075971e-05
2.520000000000013e-08,4.383057811839105e-05
2.525000000000013e-08,4.383035511564131e-05
2.530000000000013e-08,4.383030769840983e-05
2.535000000000013e-08,4.383041966393479e-05
2.540000000000013e-08,4.383053162945975e-05
2.545000000000014e-08,4.383064359498472e-05
2.550000000000014e-08,4.383060198002609e-05
2.555000000000014e-08,4.383053492295626e-05
2.560000000000014e-08,4.383046786588642e-05
2.565000000000014e-08,4.383040080881658e-05
2.570000000000014e-08,4.383033375174674e-05
2.575000000000014e-08,4.383026669467691e-05
2.580000000000014e-08,4.383031245056707e-05
2.585000000000014e-08,4.38303992592664e-05
2.590000000000014e-08,4.383048606796573e-05
2.595000000000014e-08,4.383057287666506e-05
2.600000000000014e-08,4.383065968536415e-05
2.605000000000014e-08,4.379983685040351e-05
2.610000000000014e-08,4.297772926620499e-05
2.615000000000014e-08,4.28845874744386e-05
2.620000000000014e-08,4.28786840630181e-05
2.625000000000014e-08,4.287809243353364e-05
2.630000000000014e-08,4.287810344614016e-05
2.635000000000014e-08,4.287807412373977e-05
2.640000000000014e-08,4.287809739556768e-05
2.645000000000014e-08,4.287807888976735e-05
2.650000000000014e-08,4.287809257201687e-05
2.655000000000015e-08,4.287808175583469e-05
2.660000000000015e-08,4.287808647592698e-05
2.665000000000015e-08,4.287808509723258e-05
2.670000000000015e-08,4.287807941530953e-05
2.675000000000015e-08,4.287808877899559e-05
2.680000000000015e-08,4.287807178600554e-05
2.685000000000015e-08,4.287809280017043e-05
2.690000000000015e-08,4.287806402732536e-05
2.695000000000015e-08,4.28780967258858e-05
2.700000000000015e-08,4.287806008466477e-05
2.705000000000015e-08,4.287807591307088e-05
2.710000000000015e-08,4.287809370906718e-05
2.715000000000015e-08,4.287810119644619e-05
2.720000000000015e-08,4.287806195301423e-05
2.725000000000015e-08,4.287808481342431e-05
2.730000000000015e-08,4.28781076738344e-05
2.735000000000015e-08,4.287809655634988e-05
2.740000000000015e-08,4.28780853211233e-05
2.745000000000015e-08,4.287807408589672e-05
2.750000000000015e-08,4.287806285067015e-05
2.755000000000015e-08,4.287806796269996e-05
2.760000000000015e-08,4.287807772796623e-05
2.765000000000015e-08,4.28780874932325e-05
2.770000000000016e-08,4.287809725849877e-05
2.775000000000016e-08,4.287810702376505e-05
2.780000000000016e-08,4.287809934939386e-05
2.785000000000016e-08,4.28780895021807e-05
2.790000000000016e-08,4.287807965496754e-05
2.795000000000016e-08,4.287806980775438e-05
2.800000000000016e-08,4.287805996054133e-05
2.805000000000016e-08,4.321242448831593e-05
2.810000000000016e-08,4.718471955515262e-05
2.815000000000016e-08,4.825018269030566e-05
2.820000000000016e-08,4.824891754368108e-05
2.825000000000016e-08,4.82486899043798e-05
2.830000000000016e-08,4.824873711554648e-05
2.835000000000016e-08,4.824871664110854e-05
2.840000000000016e-08,4.824868048589228e-05
2.845000000000016e-08,4.82487451505348e-05
2.850000000000016e-08,4.824870889027323e-05
2.855000000000016e-08,4.824869328977066e-05
2.860000000000016e-08,4.824873786680563e-05
2.865000000000016e-08,4.824870117448226e-05
2.870000000000016e-08,4.824870845478327e-05
2.875000000000016e-08,4.824873042408977e-05
2.880000000000017e-08,4.824869327299389e-05
2.885000000000017e-08,4.824872398684093e-05
2.890000000000017e-08,4.824872279046742e-05
2.895000000000017e-08,4.824868518843608e-05
2.900000000000017e-08,4.824873988688744e-05
2.905000000000017e-08,4.824871496463614e-05
2.910000000000017e-08,4.824867963944563e-05
2.915000000000017e-08,4.824874542537471e-05
2.920000000000017e-08,4.824870696303994e-05
2.925000000000017e-08,4.824868191889636e-05
2.930000000000017e-08,4.824870121277313e-05
2.935000000000017e-08,4.824872050664988e-05
2.940000000000017e-08,4.824873980052665e-05
2.945000000000017e-08,4.824872723830267e-05
2.950000000000017e-08,4.824868412977922e-05
2.955000000000017e-08,4.82486953486839e-05
2.960000000000017e-08,4.824871697657391e-05
2.965000000000017e-08,4.824873860446392e-05
2.970000000000017e-08,4.824874395463293e-05
2.975000000000017e-08,4.824873280680158e-05
2.980000000000017e-08,4.824872165897024e-05
2.985000000000017e-08,4.824871051113889e-05
2.990000000000017e-08,4.824869936330755e-05
2.995000000000017e-08,4.82486882154762e-05
3.000000000000016e-08,4.82486770676448e-05
3.005000000000016e-08,4.831920758982677e-05
3.010000000000016e-08,4.783880703396282e-05
3.015000000000015e-08,4.782329147938023e-05
3.020000000000015e-08,4.782268441758075e-05
3.025000000000015e-08,4.782264773224369e-05
3.030000000000015e-08,4.782263749209311e-05
3.035000000000014e-08,4.782263737831735e-05
3.040000000000014e-08,4.782264472306112e-05
3.045000000000014e-08,4.782264053660741e-05
3.050000000000013e-08,4.782263677080792e-05
3.055000000000013e-08,4.782264379603575e-05
3.060000000000013e-08,4.782264294520714e-05
3.065000000000013e-08,4.7822635751768e-05
3.070000000000012e-08,4.782264260308477e-05
3.075000000000012e-08,4.782264510753875e-05
3.080000000000012e-08,4.782263475827942e-05
3.085000000000011e-08,4.782264147059982e-05
3.090000000000011e-08,4.782264720100231e-05
3.095000000000011e-08,4.782263389404129e-05
3.100000000000011e-08,4.782264039550825e-05
3.10500000000001e-08,4.782264700839927e-05
3.11000000000001e-08,4.782263612076239e-05
3.11500000000001e-08,4.782263932820051e-05
3.120000000000009e-08,4.782264587640948e-05
3.125000000000009e-08,4.782264531812807e-05
3.130000000000009e-08,4.782264201256927e-05
3.135000000000009e-08,4.782263870701048e-05
3.140000000000008e-08,4.782263540145169e-05
3.145000000000008e-08,4.782263497912812e-05
3.150000000000008e-08,4.78226374099088e-05
3.155000000000007e-08,4.782263984068949e-05
3.160000000000007e-08,4.782264227147018e-05
3.165000000000007e-08,4.782264470225086e-05
3.170000000000007e-08,4.782264713303155e-05
3.175000000000006e-08,4.782264590571072e-05
3.180000000000006e-08,4.782264346754765e-05
3.185000000000006e-08,4.782264102938459e-05
3.190000000000005e-08,4.782263859122153e-05
3.195000000000005e-08,4.782263615305846e-05
3.200000000000005e-08,4.78226337148954e-05
3.205000000000005e-08,4.800094985027207e-05
3.210000000000004e-08,4.827199814279272e-05
3.215000000000004e-08,4.825058894859173e-05
3.220000000000004e-08,4.824879292308167e-05
3.225000000000003e-08,4.824871621950791e-05
3.230000000000003e-08,4.824871151077504e-05
3.235000000000003e-08,4.824871682107802e-05
3.240000000000003e-08,4.824871461811696e-05
3.245000000000002e-08,4.824871226936672e-05
3.250000000000002e-08,4.824870992061648e-05
3.255000000000002e-08,4.824871400673102e-05
3.260000000000001e-08,4.824871605555841e-05
3.265000000000001e-08,4.82487136890058e-05
3.270000000000001e-08,4.82487113224532e-05
3.275000000000001e-08,4.824871108962134e-05
3.28e-08,4.824871568290177e-05
3.285e-08,4.824871500426584e-05
3.29e-08,4.824871276597269e-05
3.294999999999999e-08,4.824871052767954e-05
3.299999999999999e-08,4.824871293984997e-05
3.304999999999999e-08,4.824871623427117e-05
3.309999999999999e-08,4.824871408227065e-05
3.314999999999998e-08,4.824871193027014e-05
3.319999999999998e-08,4.824871039938109e-05
3.324999999999998e-08,4.824871463019315e-05
3.329999999999997e-08,4.824871531140804e-05
3.334999999999997e-08,4.824871323106505e-05
3.339999999999997e-08,4.824871115072207e-05
3.344999999999997e-08,4.824871211339914e-05
3.349999999999996e-08,4.824871620956006e-05
3.354999999999996e-08,4.824871444354395e-05
3.359999999999996e-08,4.824871241923829e-05
3.364999999999995e-08,4.824871039493263e-05
3.369999999999995e-08,4.824871179796325e-05
3.374999999999995e-08,4.824871363308117e-05
3.379999999999995e-08,4.824871546819909e-05
3.384999999999994e-08,4.824871571051394e-05
3.389999999999994e-08,4.824871395841353e-05
3.394999999999994e-08,4.824871220631312e-05
3.399999999999993e-08,4.824871045421271e-05
3.404999999999993e-08,4.831911164588099e-05
3.409999999999993e-08,4.783880309047024e-05
3.414999999999993e-08,4.782328409449267e-05
3.419999999999992e-08,4.782268145235099e-05
3.424999999999992e-08,4.782264258365037e-05
3.429999999999992e-08,4.782264101347916e-05
3.434999999999991e-08,4.782264090627822e-05
3.439999999999991e-08,4.782264059290712e-05
3.444999999999991e-08,4.782264068398219e-05
3.449999999999991e-08,4.782264084683514e-05
3.45499999999999e-08,4.78226407205253e-05
3.45999999999999e-08,4.782264079163991e-05
3.46499999999999e-08,4.782264097248738e-05
3.469999999999989e-08,4.782264069068353e-05
3.474999999999989e-08,4.782264062462522e-05
3.479999999999989e-08,4.782264117742394e-05
3.484999999999989e-08,4.782264071781008e-05
3.489999999999988e-08,4.782264033066375e-05
3.494999999999988e-08,4.782264142698096e-05
3.499999999999988e-08,4.782264082059678e-05
3.504999999999987e-08,4.782264020002883e-05
3.509999999999987e-08,4.782264133921331e-05
3.514999999999987e-08,4.782264095495582e-05
3.519999999999987e-08,4.782264020338118e-05
3.524999999999986e-08,4.782264024441758e-05
3.529999999999986e-08,4.78226405974398e-05
3.534999999999986e-08,4.782264095046203e-05
3.539999999999985e-08,4.782264130348425e-05
3.544999999999985e-08,4.782264135288625e-05
3.549999999999985e-08,4.782264109648797e-05
3.554999999999985e-08,4.78226408400897e-05
3.559999999999984e-08,4.782264058369142e-05
3.564999999999984e-08,4.782264032729315e-05
3.569999999999984e-08,4.782264007089487e-05
3.574999999999983e-08,4.782264019530439e-05
3.579999999999983e-08,4.782264044725602e-05
3.584999999999983e-08,4.782264069920764e-05
3.589999999999983e-08,4.782264095115927e-05
3.594999999999982e-08,4.78226412031109e-05
3.599999999999982e-08,4.782264145506252e-05
3.604999999999982e-08,4.800095434179191e-05
3.609999999999981e-08,4.827199920993969e-05
3.614999999999981e-08,4.825058994500137e-05
3.619999999999981e-08,4.82487946071522e-05
3.624999999999981e-08,4.824871613105606e-05
3.62999999999998e-08,4.824871223833823e-05
3.63499999999998e-08,4.824871468425456e-05
3.63999999999998e-08,4.824871382510636e-05
3.644999999999979e-08,4.824871290173673e-05
3.649999999999979e-08,4.824871197836709e-05
3.654999999999979e-08,4.824871360582655e-05
3.659999999999979e-08,4.824871441678164e-05
3.664999999999978e-08,4.824871346174434e-05
3.669999999999978e-08,4.824871250670706e-05
3.674999999999978e-08,4.824871239114595e-05
3.679999999999977e-08,4.824871417540306e-05
3.684999999999977e-08,4.824871393425105e-05
3.689999999999977e-08,4.824871309342733e-05
3.694999999999977e-08,4.824871225260361e-05
3.699999999999976e-08,4.82487131289765e-05
3.704999999999976e-08,4.824871433880099e-05
3.709999999999976e-08,4.824871356999313e-05
3.714999999999975e-08,4.824871280118527e-05
3.719999999999975e-08,4.824871225058108e-05
3.724999999999975e-08,4.824871372947421e-05
3.729999999999975e-08,4.824871397688071e-05
3.734999999999974e-08,4.824871326522662e-05
3.739999999999974e-08,4.824871255357253e-05
3.744999999999974e-08,4.824871286861307e-05
3.749999999999973e-08,4.824871424208656e-05
3.754999999999973e-08,4.824871365861831e-05
3.759999999999973e-08,4.824871298827337e-05
3.764999999999973e-08,4.824871231792843e-05
3.769999999999972e-08,4.82487128041355e-05
3.774999999999972e-08,4.824871343665397e-05
3.779999999999972e-08,4.824871406917246e-05
3.784999999999971e-08,4.824871417528894e-05
3.789999999999971e-08,4.824871362181683e-05
3.794999999999971e-08,4.824871306834472e-05
3.79999999999997e-08,4.824871251487261e-05
3.80499999999997e-08,4.831911180662001e-05
3.80999999999997e-08,4.783880320577748e-05
3.81499999999997e-08,4.782328366985589e-05
3.819999999999969e-08,4.782268128159958e-05
3.824999999999969e-08,4.782264230269457e-05
3.829999999999969e-08,4.782264120366627e-05
3.834999999999968e-08,4.782264108487288e-05
3.839999999999968e-08,4.782264033422383e-05
3.844999999999968e-08,4.782264069200124e-05
3.849999999999968e-08,4.782264109255371e-05
3.854999999999967e-08,4.782264053746355e-05
3.859999999999967e-08,4.782264065973092e-05
3.864999999999967e-08,4.78226412823864e-05
3.869999999999966e-08,4.782264058049118e-05
3.874999999999966e-08,4.782264035858051e-05
3.879999999999966e-08,4.782264154848307e-05
3.884999999999966e-08,4.782264067764124e-05
3.889999999999965e-08,4.78226399364333e-05
3.894999999999965e-08,4.782264184620033e-05
3.899999999999965e-08,4.782264084752097e-05
3.904999999999964e-08,4.782263982475911e-05
3.909999999999964e-08,4.782264161812163e-05
3.914999999999964e-08,4.782264104596087e-05
3.919999999999964e-08,4.782263990139347e-05
3.924999999999963e-08,4.782263997170914e-05
3.929999999999963e-08,4.782264052006738e-05
3.934999999999963e-08,4.782264106842561e-05
3.939999999999962e-08,4.782264161678384e-05
3.944999999999962e-08,4.782264169295201e-05
3.949999999999962e-08,4.782264129369286e-05
3.954999999999962e-08,4.782264089443371e-05
3.959999999999961e-08,4.782264049517456e-05
3.964999999999961e-08,4.782264009591541e-05
3.969999999999961e-08,4.782263969665626e-05
3.97499999999996e-08,4.782263989195818e-05
3.97999999999996e-08,4.78226402863509e-05
3.98499999999996e-08,4.782264068074362e-05
3.98999999999996e-08,4.782264107513633e-05
3.994999999999959e-08,4.782264146952905e-05
3.999999999999959e-08,4.782264186392177e-05
4.004999999999959e-08,4.434725967398505e-05
4.009999999999958e-08,4.441697258012137e-05
4.014999999999958e-08,4.441046948670335e-05
4.019999999999958e-08,4.441168985273515e-05
4.024999999999958e-08,4.441125930989995e-05
4.029999999999957e-08,4.441201834775639e-05
4.034999999999957e-08,4.441150745013498e-05
4.039999999999957e-08,4.441175418825772e-05
4.044999999999956e-08,4.441184370873136e-05
4.049999999999956e-08,4.441136701775982e-05
4.054999999999956e-08,4.441204501092412e-05
4.059999999999956e-08,4.441169442339002e-05
4.064999999999955e-08,4.441139912629801e-05
4.069999999999955e-08,4.441201218266286e-05
4.074999999999955e-08,4.441155308381547e-05
4.079999999999954e-08,4.441200331715293e-05
4.084999999999954e-08,4.441162104696817e-05
4.089999999999954e-08,4.441146856650152e-05
4.094999999999954e-08,4.441186589778274e-05
4.099999999999953e-08,4.44113109932362e-05
4.104999999999953e-08,4.441157441118547e-05
4.109999999999953e-08,4.441185103905764e-05
4.114999999999952e-08,4.441208364998663e-05
4.119999999999952e-08,4.441188095292076e-05
4.124999999999952e-08,4.441167825585489e-05
4.129999999999952e-08,4.441147555878902e-05
4.134999999999951e-08,4.441137101589043e-05
4.139999999999951e-08,4.441181684069181e-05
4.144999999999951e-08,4.441202010305911e-05
4.14999999999995e-08,4.441179758629968e-05
4.15499999999995e-08,4.441157506954025e-05
4.15999999999995e-08,4.441135255278082e-05
4.16499999999995e-08,4.44114654436664e-05
4.169999999999949e-08,4.441166960297473e-05
4.174999999999949e-08,4.441187376228307e-05
4.179999999999949e-08,4.44120779215914e-05
4.184999999999948e-08,4.441191764405053e-05
4.189999999999948e-08,4.441171372094178e-05
4.194999999999948e-08,4.441150979783302e-05
4.199999999999948e-08,4.441130587472427e-05
4.204999999999947e-08,4.435333883736098e-05
4.209999999999947e-08,4.386656916142359e-05
4.214999999999947e-08,4.377564324677375e-05
4.219999999999946e-08,4.376919348552017e-05
4.224999999999946e-08,4.376871034909488e-05
4.229999999999946e-08,4.376873724241904e-05
4.234999999999946e-08,4.376867952393864e-05
4.239999999999945e-08,4.37686392800425e-05
4.244999999999945e-08,4.376872552951483e-05
4.249999999999945e-08,4.376873195782088e-05
4.254999999999944e-08,4.376869329891865e-05
4.259999999999944e-08,4.3768661967147e-05
4.264999999999944e-08,4.376870386437161e-05
4.269999999999944e-08,4.376872664110298e-05
4.274999999999943e-08,4.376869864582655e-05
4.279999999999943e-08,4.376866766547819e-05
4.284999999999943e-08,4.376869347129317e-05
4.289999999999942e-08,4.376871927710816e-05
4.294999999999942e-08,4.376871028498624e-05
4.299999999999942e-08,4.3768667930189e-05
4.304999999999942e-08,4.376869544899114e-05
4.309999999999941e-08,4.376872296779328e-05
4.314999999999941e-08,4.376872570562909e-05
4.319999999999941e-08,4.376871216165204e-05
4.32499999999994e-08,4.3768698617675e-05
4.32999999999994e-08,4.376868507369796e-05
4.33499999999994e-08,4.376867152972091e-05
4.33999999999994e-08,4.376867027502376e-05
4.344999999999939e-08,4.376868123649016e-05
4.349999999999939e-08,4.376869219795656e-05
4.354999999999939e-08,4.376870315942297e-05
4.359999999999938e-08,4.376871412088936e-05
4.364999999999938e-08,4.376872508235576e-05
4.369999999999938e-08,4.376873054939212e-05
4.374999999999938e-08,4.376871959851772e-05
4.379999999999937e-08,4.376870864764332e-05
4.384999999999937e-08,4.376869769676891e-05
4.389999999999937e-08,4.376868674589451e-05
4.394999999999936e-08,4.376867579502011e-05
4.399999999999936e-08,4.37686648441457e-05
4.404999999999936e-08,4.414942535499966e-05
4.409999999999936e-08,4.442621013384688e-05
4.414999999999935e-08,4.441056928940539e-05
4.419999999999935e-08,4.441163450233729e-05
4.424999999999935e-08,4.441169370589598e-05
4.429999999999934e-08,4.441170586779943e-05
4.434999999999934e-08,4.441170016567801e-05
4.439999999999934e-08,4.441170354832899e-05
4.444999999999934e-08,4.441170268757321e-05
4.449999999999933e-08,4.441170555041684e-05
4.454999999999933e-08,4.441169927189804e-05
4.459999999999933e-08,4.441170868776446e-05
4.464999999999932e-08,4.441169584920001e-05
4.469999999999932e-08,4.441170303615244e-05
4.474999999999932e-08,4.441170871195397e-05
4.479999999999932e-08,4.441169535880118e-05
4.484999999999931e-08,4.441169853288511e-05
4.489999999999931e-08,4.441171028580711e-05
4.494999999999931e-08,4.441170626531688e-05
4.49999999999993e-08,4.441168919616577e-05
4.50499999999993e-08,4.383052981527635e-05
4.50999999999993e-08,4.383055610174457e-05
4.51499999999993e-08,4.383042044075942e-05
4.519999999999929e-08,4.383057811839173e-05
4.524999999999929e-08,4.3830355115641e-05
4.529999999999929e-08,4.383030769840874e-05
4.534999999999928e-08,4.383041966393385e-05
4.539999999999928e-08,4.383053162945895e-05
4.544999999999928e-08,4.383064359498406e-05
4.549999999999928e-08,4.383060198002815e-05
4.554999999999927e-08,4.383053492295826e-05
4.559999999999927e-08,4.383046786588836e-05
4.564999999999927e-08,4.383040080881847e-05
4.569999999999926e-08,4.383033375174858e-05
4.574999999999926e-08,4.383026669467869e-05
4.579999999999926e-08,4.383031245056282e-05
4.584999999999926e-08,4.383039925926345e-05
4.589999999999925e-08,4.383048606796407e-05
4.594999999999925e-08,4.383057287666469e-05
4.599999999999925e-08,4.383065968536531e-05
4.604999999999924e-08,4.379983685039114e-05
4.609999999999924e-08,4.297772926620291e-05
4.614999999999924e-08,4.288458747443784e-05
4.619999999999924e-08,4.287868406301801e-05
4.624999999999923e-08,4.28780924335335e-05
4.629999999999923e-08,4.287810344614053e-05
4.634999999999923e-08,4.28780741237395e-05
4.639999999999922e-08,4.287809739556808e-05
4.644999999999922e-08,4.287807888976724e-05
4.649999999999922e-08,4.287809257201699e-05
4.654999999999922e-08,4.287808175583458e-05
4.659999999999921e-08,4.28780864759269e-05
4.664999999999921e-08,4.287808509723268e-05
4.669999999999921e-08,4.287807941530931e-05
4.67499999999992e-08,4.287808877899575e-05
4.67999999999992e-08,4.287807178600513e-05
4.68499999999992e-08,4.287809280017069e-05
4.68999999999992e-08,4.28780640273248e-05
4.694999999999919e-08,4.287809672588599e-05
4.699999999999919e-08,4.287806008466487e-05
4.704999999999919e-08,4.287807591307087e-05
4.709999999999918e-08,4.287809370906726e-05
4.714999999999918e-08,4.287810119644655e-05
4.719999999999918e-08,4.287806195301376e-05
4.724999999999918e-08,4.287808481342415e-05
4.729999999999917e-08,4.287810767383453e-05
4.734999999999917e-08,4.28780965563501e-05
4.739999999999917e-08,4.287808532112341e-05
4.744999999999916e-08,4.287807408589672e-05
4.749999999999916e-08,4.287806285067003e-05
4.754999999999916e-08,4.287806796269975e-05
4.759999999999916e-08,4.287807772796613e-05
4.764999999999915e-08,4.287808749323251e-05
4.769999999999915e-08,4.287809725849889e-05
4.774999999999915e-08,4.287810702376528e-05
4.779999999999914e-08,4.287809934939402e-05
4.784999999999914e-08,4.28780895021807e-05
4.789999999999914e-08,4.287807965496737e-05
4.794999999999914e-08,4.287806980775405e-05
4.799999999999913e-08,4.287805996054073e-05
4.804999999999913e-08,4.321242448826852e-05
4.809999999999913e-08,4.718471955501216e-05
4.814999999999912e-08,4.825018269030561e-05
4.819999999999912e-08,4.824891754368096e-05
4.824999999999912e-08,4.824868990437986e-05
4.829999999999912e-08,4.824873711554641e-05
4.834999999999911e-08,4.824871664110856e-05
4.839999999999911e-08,4.824868048589243e-05
4.844999999999911e-08,4.824874515053472e-05
4.84999999999991e-08,4.824870889027327e-05
4.85499999999991e-08,4.824869328977074e-05
4.85999999999991e-08,4.824873786680557e-05
4.86499999999991e-08,4.824870117448232e-05
4.869999999999909e-08,4.82487084547833e-05
4.874999999999909e-08,4.824873042408966e-05
4.879999999999909e-08,4.82486932729938e-05
4.884999999999908e-08,4.82487239868411e-05
4.889999999999908e-08,4.824872279046757e-05
4.894999999999908e-08,4.824868518843595e-05
4.899999999999908e-08,4.824873988688766e-05
4.904999999999907e-08,4.824871496463617e-05
4.909999999999907e-08,4.824867963944537e-05
4.914999999999907e-08,4.824874542537484e-05
4.919999999999906e-08,4.824870696303981e-05
4.924999999999906e-08,4.824868191889606e-05
4.929999999999906e-08,4.8248701212773e-05
4.934999999999906e-08,4.824872050664996e-05
4.939999999999905e-08,4.824873980052691e-05
4.944999999999905e-08,4.824872723830276e-05
4.949999999999905e-08,4.824868412977875e-05
4.954999999999904e-08,4.824869534868362e-05
4.959999999999904e-08,4.824871697657393e-05
4.964999999999904e-08,4.824873860446425e-05
4.969999999999904e-08,4.824874395463329e-05
4.974999999999903e-08,4.824873280680184e-05
4.979999999999903e-08,4.824872165897038e-05
4.984999999999903e-08,4.824871051113891e-05
4.989999999999902e-08,4.824869936330746e-05
4.994999999999902e-08,4.8248688215476e-05
4.999999999999902e-08,4.824867706764454e-05
5.004999999999902e-08,4.831920758984755e-05
5.009999999999901e-08,4.783880703396376e-05
5.014999999999901e-08,4.782329147938029e-05
5.019999999999901e-08,4.78226844175808e-05
5.0249999999999e-08,4.782264773224377e-05
5.0299999999999e-08,4.782263749209297e-05
5.0349999999999e-08,4.782263737831725e-05
5.0399999999999e-08,4.782264472306121e-05
5.044999999999899e-08,4.782264053660751e-05
5.049999999999899e-08,4.7822636770808e-05
5.054999999999899e-08,4.782264379603602e-05
5.059999999999898e-08,4.782264294520739e-05
5.064999999999898e-08,4.782263575176794e-05
5.069999999999898e-08,4.782264260308468e-05
5.074999999999898e-08,4.782264510753874e-05
5.079999999999897e-08,4.782263475827957e-05
5.084999999999897e-08,4.782264147059977e-05
5.089999999999897e-08,4.782264720100215e-05
5.094999999999896e-08,4.782263389404148e-05
5.099999999999896e-08,4.782264039550826e-05
5.104999999999896e-08,4.782264700839915e-05
5.109999999999896e-08,4.782263612076228e-05
5.114999999999895e-08,4.782263932820047e-05
5.119999999999895e-08,4.782264587640962e-05
5.124999999999895e-08,4.782264531812822e-05
5.129999999999894e-08,4.782264201256933e-05
5.134999999999894e-08,4.782263870701043e-05
5.139999999999894e-08,4.782263540145154e-05
5.144999999999894e-08,4.782263497912792e-05
5.149999999999893e-08,4.782263740990867e-05
5.154999999999893e-08,4.782263984068941e-05
5.159999999999893e-08,4.782264227147016e-05
5.164999999999892e-08,4.78226447022509e-05
5.169999999999892e-08,4.782264713303164e-05
5.174999999999892e-08,4.782264590571072e-05
5.179999999999892e-08,4.782264346754751e-05
5.184999999999891e-08,4.782264102938429e-05
5.189999999999891e-08,4.782263859122108e-05
5.194999999999891e-08,4.782263615305786e-05
5.19999999999989e-08,4.782263371489465e-05
5.20499999999989e-08,4.800094985023701e-05
5.20999999999989e-08,4.827199814279383e-05
5.21499999999989e-08,4.825058894859202e-05
5.219999999999889e-08,4.824879292308174e-05
5.224999999999889e-08,4.824871621950782e-05
5.229999999999889e-08,4.82487115107749e-05
5.234999999999888e-08,4.824871682107789e-05
5.239999999999888e-08,4.824871461811692e-05
5.244999999999888e-08,4.824871226936679e-05
5.249999999999888e-08,4.824870992061665e-05
5.254999999999887e-08,4.824871400673092e-05
5.259999999999887e-08,4.824871605555821e-05
5.264999999999887e-08,4.824871368900583e-05
5.269999999999886e-08,4.824871132245345e-05
5.274999999999886e-08,4.82487110896216e-05
5.279999999999886e-08,4.824871568290159e-05
5.284999999999886e-08,4.82487150042657e-05
5.289999999999885e-08,4.824871276597273e-05
5.294999999999885e-08,4.824871052767977e-05
5.299999999999885e-08,4.824871293985021e-05
5.304999999999884e-08,4.824871623427134e-05
5.309999999999884e-08,4.824871408227081e-05
5.314999999999884e-08,4.824871193027027e-05
5.319999999999884e-08,4.824871039938118e-05
5.324999999999883e-08,4.8248714630193e-05
5.329999999999883e-08,4.824871531140787e-05
5.334999999999883e-08,4.824871323106506e-05
5.339999999999882e-08,4.824871115072224e-05
5.344999999999882e-08,4.824871211339927e-05
5.349999999999882e-08,4.824871620955993e-05
5.354999999999882e-08,4.824871444354393e-05
5.359999999999881e-08,4.824871241923841e-05
5.364999999999881e-08,4.824871039493288e-05
5.369999999999881e-08,4.824871179796332e-05
5.37499999999988e-08,4.824871363308103e-05
5.37999999999988e-08,4.824871546819873e-05
5.38499999999988e-08,4.824871571051361e-05
5.38999999999988e-08,4.824871395841355e-05
5.394999999999879e-08,4.824871220631349e-05
5.399999999999879e-08,4.824871045421342e-05
5.404999999999879e-08,4.831911164589969e-05
5.409999999999878e-08,4.783880309047106e-05
5.414999999999878e-08,4.782328409449276e-05
5.419999999999878e-08,4.782268145235093e-05
5.424999999999878e-08,4.78226425836504e-05
5.429999999999877e-08,4.782264101347921e-05
5.434999999999877e-08,4.78226409062783e-05
5.439999999999877e-08,4.782264059290721e-05
5.444999999999876e-08,4.782264068398214e-05
5.449999999999876e-08,4.782264084683505e-05
5.454999999999876e-08,4.782264072052547e-05
5.459999999999876e-08,4.782264079164005e-05
5.464999999999875e-08,4.782264097248723e-05
5.469999999999875e-08,4.78226406906836e-05
5.474999999999875e-08,4.782264062462537e-05
5.479999999999874e-08,4.782264117742376e-05
5.484999999999874e-08,4.782264071781015e-05
5.489999999999874e-08,4.782264033066404e-05
5.494999999999874e-08,4.782264142698096e-05
5.499999999999873e-08,4.782264082059691e-05
5.504999999999873e-08,4.78226402000291e-05
5.509999999999873e-08,4.782264133921325e-05
5.514999999999872e-08,4.782264095495584e-05
5.519999999999872e-08,4.782264020338137e-05
5.524999999999872e-08,4.782264024441779e-05
5.529999999999872e-08,4.782264059743999e-05
5.534999999999871e-08,4.78226409504622e-05
5.539999999999871e-08,4.78226413034844e-05
5.544999999999871e-08,4.782264135288638e-05
5.54999999999987e-08,4.782264109648807e-05
5.55499999999987e-08,4.782264084008975e-05
5.55999999999987e-08,4.782264058369144e-05
5.56499999999987e-08,4.782264032729313e-05
5.569999999999869e-08,4.782264007089482e-05
5.574999999999869e-08,4.782264019530435e-05
5.579999999999869e-08,4.782264044725599e-05
5.584999999999868e-08,4.782264069920763e-05
5.589999999999868e-08,4.782264095115927e-05
5.594999999999868e-08,4.782264120311092e-05
5.599999999999868e-08,4.782264145506255e-05
5.604999999999867e-08,4.800095434175761e-05
5.609999999999867e-08,4.827199920994083e-05
5.614999999999867e-08,4.82505899450015e-05
5.619999999999866e-08,4.824879460715213e-05
5.624999999999866e-08,4.8248716131056e-05
5.629999999999866e-08,4.824871223833822e-05
5.634999999999866e-08,4.824871468425475e-05
5.639999999999865e-08,4.82487138251065e-05
5.644999999999865e-08,4.824871290173682e-05
5.649999999999865e-08,4.824871197836714e-05
5.654999999999864e-08,4.824871360582645e-05
5.659999999999864e-08,4.824871441678149e-05
5.664999999999864e-08,4.824871346174434e-05
5.669999999999863e-08,4.824871250670718e-05
5.674999999999863e-08,4.824871239114616e-05
5.679999999999863e-08,4.824871417540326e-05
5.684999999999863e-08,4.824871393425114e-05
5.689999999999862e-08,4.824871309342728e-05
5.694999999999862e-08,4.824871225260342e-05
5.699999999999862e-08,4.824871312897644e-05
5.704999999999861e-08,4.824871433880112e-05
5.709999999999861e-08,4.824871356999318e-05
5.714999999999861e-08,4.824871280118524e-05
5.719999999999861e-08,4.824871225058101e-05
5.72499999999986e-08,4.824871372947447e-05
5.72999999999986e-08,4.824871397688098e-05
5.73499999999986e-08,4.824871326522666e-05
5.739999999999859e-08,4.824871255357232e-05
5.744999999999859e-08,4.82487128686129e-05
5.749999999999859e-08,4.824871424208672e-05
5.754999999999859e-08,4.824871365861832e-05
5.759999999999858e-08,4.824871298827319e-05
5.764999999999858e-08,4.824871231792807e-05
5.769999999999858e-08,4.824871280413534e-05
5.774999999999857e-08,4.824871343665408e-05
5.779999999999857e-08,4.824871406917281e-05
5.784999999999857e-08,4.824871417528932e-05
5.789999999999857e-08,4.824871362181697e-05
5.794999999999856e-08,4.824871306834462e-05
5.799999999999856e-08,4.824871251487226e-05
5.804999999999856e-08,4.831911180663874e-05
5.809999999999855e-08,4.783880320577833e-05
5.814999999999855e-08,4.782328366985602e-05
5.819999999999855e-08,4.782268128159967e-05
5.824999999999855e-08,4.782264230269453e-05
5.829999999999854e-08,4.782264120366641e-05
5.834999999999854e-08,4.782264108487303e-05
5.839999999999854e-08,4.782264033422382e-05
5.844999999999853e-08,4.78226406920012e-05
5.849999999999853e-08,4.78226410925537e-05
5.854999999999853e-08,4.78226405374635e-05
5.859999999999853e-08,4.782264065973092e-05
5.864999999999852e-08,4.78226412823865e-05
5.869999999999852e-08,4.782264058049123e-05
5.874999999999852e-08,4.782264035858054e-05
5.879999999999851e-08,4.782264154848315e-05
5.884999999999851e-08,4.782264067764133e-05
5.889999999999851e-08,4.782263993643338e-05
5.894999999999851e-08,4.782264184620001e-05
5.89999999999985e-08,4.782264084752079e-05
5.90499999999985e-08,4.78226398247591e-05
5.90999999999985e-08,4.782264161812186e-05
5.914999999999849e-08,4.782264104596089e-05
5.919999999999849e-08,4.782263990139322e-05
5.924999999999849e-08,4.782263997170896e-05
5.929999999999849e-08,4.782264052006738e-05
5.934999999999848e-08,4.782264106842581e-05
5.939999999999848e-08,4.782264161678423e-05
5.944999999999848e-08,4.782264169295238e-05
5.949999999999847e-08,4.782264129369299e-05
5.954999999999847e-08,4.78226408944336e-05
5.959999999999847e-08,4.782264049517422e-05
5.964999999999847e-08,4.782264009591483e-05
5.969999999999848e-08,4.782263969665544e-05
5.974999999999848e-08,4.782263989195752e-05
5.979999999999848e-08,4.782264028635051e-05
5.984999999999849e-08,4.782264068074351e-05
5.989999999999849e-08,4.78226410751365e-05
5.99499999999985e-08,4.78226414695295e-05
5.99999999999985e-08,4.782264186392249e-05
6.00499999999985e-08,4.434725967392372e-05
6.009999999999851e-08,4.441697258012306e-05
6.014999999999851e-08,4.441046948670399e-05
6.019999999999851e-08,4.4411689852736e-05
6.024999999999852e-08,4.441125930989894e-05
6.029999999999852e-08,4.441201834775755e-05
6.034999999999853e-08,4.441150745013642e-05
6.039999999999853e-08,4.441175418825457e-05
6.044999999999853e-08,4.441184370873328e-05
6.049999999999854e-08,4.441136701776205e-05
6.054999999999854e-08,4.441204501091961e-05
6.059999999999854e-08,4.441169442339246e-05
6.064999999999855e-08,4.441139912629288e-05
6.069999999999855e-08,4.441201218266583e-05
6.074999999999856e-08,4.441155308381854e-05
6.079999999999856e-08,4.441200331715128e-05
6.084999999999856e-08,4.441162104696636e-05
6.089999999999857e-08,4.441146856650684e-05
6.094999999999857e-08,4.441186589777985e-05
6.099999999999857e-08,4.441131099323296e-05
6.104999999999858e-08,4.441157441118698e-05
6.109999999999858e-08,4.44118510390593e-05
6.114999999999859e-08,4.441208364998528e-05
6.119999999999859e-08,4.441188095291934e-05
6.124999999999859e-08,4.441167825585339e-05
6.12999999999986e-08,4.441147555878744e-05
6.13499999999986e-08,4.441137101589417e-05
6.13999999999986e-08,4.441181684069583e-05
6.144999999999861e-08,4.441202010305721e-05
6.149999999999861e-08,4.441179758629755e-05
6.154999999999862e-08,4.44115750695379e-05
6.159999999999862e-08,4.441135255277824e-05
6.164999999999862e-08,4.441146544366823e-05
6.169999999999863e-08,4.441166960297647e-05
6.174999999999863e-08,4.44118737622847e-05
6.179999999999863e-08,4.441207792159293e-05
6.184999999999864e-08,4.441191764404998e-05
6.189999999999864e-08,4.441171372094133e-05
6.194999999999865e-08,4.441150979783268e-05
6.199999999999865e-08,4.441130587472403e-05
6.204999999999865e-08,4.435333883737826e-05
6.209999999999866e-08,4.38665691614287e-05
6.214999999999866e-08,4.377564324677394e-05
6.219999999999866e-08,4.376919348551996e-05
6.224999999999867e-08,4.376871034909472e-05
6.229999999999867e-08,4.376873724241908e-05
6.234999999999868e-08,4.376867952393857e-05
6.239999999999868e-08,4.376863928004225e-05
6.244999999999868e-08,4.376872552951505e-05
6.249999999999869e-08,4.376873195782094e-05
6.254999999999869e-08,4.376869329891862e-05
6.259999999999869e-08,4.376866196714689e-05
6.26499999999987e-08,4.37687038643717e-05
6.26999999999987e-08,4.376872664110305e-05
6.274999999999871e-08,4.376869864582655e-05
6.279999999999871e-08,4.376866766547802e-05
6.284999999999871e-08,4.376869347129318e-05
6.289999999999872e-08,4.376871927710834e-05
6.294999999999872e-08,4.376871028498642e-05
6.299999999999872e-08,4.376866793018876e-05
6.304999999999873e-08,4.376869544899112e-05
6.309999999999873e-08,4.376872296779349e-05
6.314999999999874e-08,4.376872570562937e-05
6.319999999999874e-08,4.376871216165221e-05
6.324999999999874e-08,4.376869861767505e-05
6.329999999999875e-08,4.376868507369789e-05
6.334999999999875e-08,4.376867152972072e-05
6.339999999999875e-08,4.37686702750235e-05
6.344999999999876e-08,4.376868123648999e-05
6.349999999999876e-08,4.376869219795648e-05
6.354999999999877e-08,4.376870315942297e-05
6.359999999999877e-08,4.376871412088946e-05
6.364999999999877e-08,4.376872508235594e-05
6.369999999999878e-08,4.376873054939237e-05
6.374999999999878e-08,4.376871959851786e-05
6.379999999999878e-08,4.376870864764335e-05
6.384999999999879e-08,4.376869769676884e-05
6.389999999999879e-08,4.376868674589433e-05
6.39499999999988e-08,4.376867579501982e-05
6.39999999999988e-08,4.37686648441453e-05
6.40499999999988e-08,4.414942535497399e-05
6.409999999999881e-08,4.442621013384909e-05
6.414999999999881e-08,4.44105692894051e-05
6.419999999999881e-08,4.441163450233713e-05
6.424999999999882e-08,4.441169370589605e-05
6.429999999999882e-08,4.441170586779946e-05
6.434999999999883e-08,4.441170016567799e-05
6.439999999999883e-08,4.4411703548329e-05
6.444999999999883e-08,4.441170268757334e-05
6.449999999999884e-08,4.441170555041694e-05
6.454999999999884e-08,4.441169927189805e-05
6.459999999999884e-08,4.44117086877644e-05
6.464999999999885e-08,4.441169584920015e-05
6.469999999999885e-08,4.441170303615246e-05
6.474999999999886e-08,4.441170871195384e-05
6.479999999999886e-08,4.441169535880108e-05
6.484999999999886e-08,4.441169853288504e-05
6.489999999999887e-08,4.441171028580703e-05
6.494999999999887e-08,4.441170626531684e-05
6.499999999999887e-08,4.441168919616585e-05
6.504999999999888e-08,4.383052981527649e-05
6.509999999999888e-08,4.383055610174461e-05
6.514999999999889e-08,4.383042044075924e-05
6.519999999999889e-08,4.383057811839171e-05
6.524999999999889e-08,4.383035511564126e-05
6.52999999999989e-08,4.383030769840887e-05
6.53499999999989e-08,4.383041966393384e-05
6.53999999999989e-08,4.383053162945881e-05
6.544999999999891e-08,4.383064359498379e-05
6.549999999999891e-08,4.383060198002837e-05
6.554999999999892e-08,4.383053492295855e-05
6.559999999999892e-08,4.383046786588873e-05
6.564999999999892e-08,4.383040080881891e-05
6.569999999999893e-08,4.383033375174909e-05
6.574999999999893e-08,4.383026669467927e-05
6.579999999999893e-08,4.38303124505625e-05
6.584999999999894e-08,4.38303992592632e-05
6.589999999999894e-08,4.38304860679639e-05
6.594999999999895e-08,4.38305728766646e-05
6.599999999999895e-08,4.38306596853653e-05
6.604999999999895e-08,4.379983685039726e-05
6.609999999999896e-08,4.297772926620465e-05
6.614999999999896e-08,4.2884587474438e-05
6.619999999999896e-08,4.287868406301814e-05
6.624999999999897e-08,4.287809243353346e-05
6.629999999999897e-08,4.287810344614032e-05
6.634999999999898e-08,4.287807412373968e-05
6.639999999999898e-08,4.287809739556802e-05
6.644999999999898e-08,4.28780788897673e-05
6.649999999999899e-08,4.287809257201714e-05
6.654999999999899e-08,4.287808175583462e-05
6.659999999999899e-08,4.287808647592693e-05
6.6649999999999e-08,4.287808509723264e-05
6.6699999999999e-08,4.287807941530943e-05
6.674999999999901e-08,4.287808877899573e-05
6.679999999999901e-08,4.287807178600522e-05
6.684999999999901e-08,4.287809280017064e-05
6.689999999999902e-08,4.287806402732505e-05
6.694999999999902e-08,4.287809672588593e-05
6.699999999999902e-08,4.287806008466463e-05
6.704999999999903e-08,4.287807591307084e-05
6.709999999999903e-08,4.287809370906733e-05
6.714999999999904e-08,4.287810119644653e-05
6.719999999999904e-08,4.287806195301403e-05
6.724999999999904e-08,4.287808481342431e-05
6.729999999999905e-08,4.28781076738346e-05
6.734999999999905e-08,4.287809655634999e-05
6.739999999999906e-08,4.287808532112326e-05
6.744999999999906e-08,4.287807408589653e-05
6.749999999999906e-08,4.287806285066981e-05
6.754999999999907e-08,4.287806796269966e-05
6.759999999999907e-08,4.287807772796607e-05
6.764999999999907e-08,4.287808749323248e-05
6.769999999999908e-08,4.287809725849889e-05
6.774999999999908e-08,4.28781070237653e-05
6.779999999999909e-08,4.287809934939406e-05
6.784999999999909e-08,4.287808950218081e-05
6.789999999999909e-08,4.287807965496756e-05
6.79499999999991e-08,4.28780698077543e-05
6.79999999999991e-08,4.287805996054105e-05
6.80499999999991e-08,4.321242448826789e-05
6.809999999999911e-08,4.718471955501036e-05
6.814999999999911e-08,4.825018269030551e-05
6.819999999999912e-08,4.824891754368105e-05
6.824999999999912e-08,4.824868990437986e-05
6.829999999999912e-08,4.824873711554637e-05
6.834999999999913e-08,4.824871664110852e-05
6.839999999999913e-08,4.82486804858924e-05
6.844999999999913e-08,4.824874515053467e-05
6.849999999999914e-08,4.824870889027312e-05
6.854999999999914e-08,4.824869328977059e-05
6.859999999999915e-08,4.824873786680571e-05
6.864999999999915e-08,4.824870117448242e-05
6.869999999999915e-08,4.824870845478331e-05
6.874999999999916e-08,4.824873042408966e-05
6.879999999999916e-08,4.824869327299401e-05
6.884999999999916e-08,4.824872398684114e-05
6.889999999999917e-08,4.824872279046737e-05
6.894999999999917e-08,4.824868518843561e-05
6.899999999999918e-08,4.824873988688759e-05
6.904999999999918e-08,4.824871496463613e-05
6.909999999999918e-08,4.824867963944532e-05
6.914999999999919e-08,4.824874542537489e-05
6.919999999999919e-08,4.82487069630398e-05
6.924999999999919e-08,4.824868191889599e-05
6.92999999999992e-08,4.824870121277293e-05
6.93499999999992e-08,4.824872050664986e-05
6.939999999999921e-08,4.82487398005268e-05
6.944999999999921e-08,4.82487272383027e-05
6.949999999999921e-08,4.824868412977881e-05
6.954999999999922e-08,4.82486953486836e-05
6.959999999999922e-08,4.824871697657381e-05
6.964999999999922e-08,4.824873860446402e-05
6.969999999999923e-08,4.824874395463306e-05
6.974999999999923e-08,4.824873280680165e-05
6.979999999999924e-08,4.824872165897024e-05
6.984999999999924e-08,4.824871051113883e-05
6.989999999999924e-08,4.824869936330743e-05
6.994999999999925e-08,4.824868821547602e-05
6.999999999999925e-08,4.824867706764462e-05
7.004999999999925e-08,4.83192075898431e-05
7.009999999999926e-08,4.783880703396357e-05
7.014999999999926e-08,4.782329147938018e-05
7.019999999999927e-08,4.782268441758081e-05
7.024999999999927e-08,4.782264773224384e-05
7.029999999999927e-08,4.782263749209304e-05
7.034999999999928e-08,4.782263737831726e-05
7.039999999999928e-08,4.782264472306113e-05
7.044999999999928e-08,4.782264053660738e-05
7.049999999999929e-08,4.782263677080784e-05
7.054999999999929e-08,4.782264379603579e-05
7.05999999999993e-08,4.782264294520717e-05
7.06499999999993e-08,4.782263575176797e-05
7.06999999999993e-08,4.782264260308484e-05
7.074999999999931e-08,4.782264510753888e-05
7.079999999999931e-08,4.782263475827955e-05
7.084999999999931e-08,4.782264147059991e-05
7.089999999999932e-08,4.782264720100233e-05
7.094999999999932e-08,4.782263389404134e-05
7.099999999999933e-08,4.78226403955082e-05
7.104999999999933e-08,4.782264700839909e-05
7.109999999999933e-08,4.78226361207623e-05
7.114999999999934e-08,4.78226393282005e-05
7.119999999999934e-08,4.78226458764095e-05
7.124999999999934e-08,4.782264531812802e-05
7.129999999999935e-08,4.782264201256914e-05
7.134999999999935e-08,4.782263870701026e-05
7.139999999999936e-08,4.782263540145138e-05
7.144999999999936e-08,4.782263497912784e-05
7.149999999999936e-08,4.782263740990862e-05
7.154999999999937e-08,4.782263984068942e-05
7.159999999999937e-08,4.782264227147021e-05
7.164999999999937e-08,4.7822644702251e-05
7.169999999999938e-08,4.782264713303179e-05
7.174999999999938e-08,4.782264590571089e-05
7.179999999999939e-08,4.78226434675477e-05
7.184999999999939e-08,4.782264102938451e-05
7.189999999999939e-08,4.782263859122133e-05
7.19499999999994e-08,4.782263615305814e-05
7.19999999999994e-08,4.782263371489496e-05
7.20499999999994e-08,4.800094985022923e-05
7.209999999999941e-08,4.827199814279397e-05
7.214999999999941e-08,4.825058894859183e-05
7.219999999999942e-08,4.824879292308177e-05
7.224999999999942e-08,4.824871621950794e-05
7.229999999999942e-08,4.8248711510775e-05
7.234999999999943e-08,4.824871682107765e-05
7.239999999999943e-08,4.824871461811691e-05
7.244999999999943e-08,4.8248712269367e-05
7.249999999999944e-08,4.824870992061709e-05
7.254999999999944e-08,4.824871400673108e-05
7.259999999999945e-08,4.824871605555816e-05
7.264999999999945e-08,4.824871368900577e-05
7.269999999999945e-08,4.824871132245338e-05
7.274999999999946e-08,4.824871108962153e-05
7.279999999999946e-08,4.824871568290151e-05
7.284999999999946e-08,4.82487150042656e-05
7.289999999999947e-08,4.824871276597261e-05
7.294999999999947e-08,4.824871052767963e-05
7.299999999999948e-08,4.824871293985009e-05
7.304999999999948e-08,4.824871623427126e-05
7.309999999999948e-08,4.824871408227076e-05
7.314999999999949e-08,4.824871193027027e-05
7.319999999999949e-08,4.82487103993812e-05
7.324999999999949e-08,4.824871463019289e-05
7.32999999999995e-08,4.824871531140777e-05
7.33499999999995e-08,4.824871323106507e-05
7.339999999999951e-08,4.824871115072236e-05
7.344999999999951e-08,4.824871211339935e-05
7.349999999999951e-08,4.824871620955981e-05
7.354999999999952e-08,4.824871444354399e-05
7.359999999999952e-08,4.824871241923866e-05
7.364999999999952e-08,4.824871039493332e-05
7.369999999999953e-08,4.824871179796357e-05
7.374999999999953e-08,4.824871363308102e-05
7.379999999999954e-08,4.824871546819848e-05
7.384999999999954e-08,4.82487157105133e-05
7.389999999999954e-08,4.82487139584134e-05
7.394999999999955e-08,4.824871220631351e-05
7.399999999999955e-08,4.824871045421361e-05
7.404999999999955e-08,4.831911164588666e-05
7.409999999999956e-08,4.783880309047055e-05
7.414999999999956e-08,4.782328409449244e-05
7.419999999999957e-08,4.782268145235093e-05
7.424999999999957e-08,4.782264258365058e-05
7.429999999999957e-08,4.782264101347904e-05
7.434999999999958e-08,4.782264090627801e-05
7.439999999999958e-08,4.782264059290702e-05
7.444999999999958e-08,4.782264068398211e-05
7.449999999999959e-08,4.78226408468351e-05
7.454999999999959e-08,4.782264072052539e-05
7.45999999999996e-08,4.782264079163998e-05
7.46499999999996e-08,4.78226409724873e-05
7.46999999999996e-08,4.782264069068364e-05
7.474999999999961e-08,4.78226406246254e-05
7.479999999999961e-08,4.782264117742382e-05
7.484999999999961e-08,4.782264071780995e-05
7.489999999999962e-08,4.782264033066362e-05
7.494999999999962e-08,4.782264142698082e-05
7.499999999999963e-08,4.782264082059691e-05
7.504999999999963e-08,4.782264020002923e-05
7.509999999999963e-08,4.782264133921322e-05
7.514999999999964e-08,4.782264095495584e-05
7.519999999999964e-08,4.782264020338144e-05
7.524999999999964e-08,4.782264024441782e-05
7.529999999999965e-08,4.782264059743994e-05
7.534999999999965e-08,4.782264095046205e-05
7.539999999999966e-08,4.782264130348417e-05
7.544999999999966e-08,4.782264135288617e-05
7.549999999999966e-08,4.7822641096488e-05
7.554999999999967e-08,4.782264084008983e-05
7.559999999999967e-08,4.782264058369167e-05
7.564999999999967e-08,4.782264032729349e-05
7.569999999999968e-08,4.782264007089532e-05
7.574999999999968e-08,4.782264019530476e-05
7.579999999999969e-08,4.782264044725623e-05
7.584999999999969e-08,4.78226406992077e-05
7.589999999999969e-08,4.782264095115918e-05
7.59499999999997e-08,4.782264120311064e-05
7.59999999999997e-08,4.782264145506212e-05
7.60499999999997e-08,4.80009543417888e-05
7.609999999999971e-08,4.82719992099398e-05
7.614999999999971e-08,4.825058994500143e-05
7.619999999999972e-08,4.8248794607152e-05
7.624999999999972e-08,4.824871613105604e-05
7.629999999999972e-08,4.824871223833809e-05
7.634999999999973e-08,4.824871468425478e-05
7.639999999999973e-08,4.824871382510639e-05
7.644999999999973e-08,4.824871290173655e-05
7.649999999999974e-08,4.824871197836672e-05
7.654999999999974e-08,4.824871360582642e-05
7.659999999999975e-08,4.824871441678172e-05
7.664999999999975e-08,4.824871346174451e-05
7.669999999999975e-08,4.82487125067073e-05
7.674999999999976e-08,4.824871239114621e-05
7.679999999999976e-08,4.824871417540321e-05
7.684999999999977e-08,4.824871393425114e-05
7.689999999999977e-08,4.824871309342739e-05
7.694999999999977e-08,4.824871225260363e-05
7.699999999999978e-08,4.824871312897659e-05
7.704999999999978e-08,4.824871433880118e-05
7.709999999999978e-08,4.824871356999329e-05
7.714999999999979e-08,4.82487128011854e-05
7.719999999999979e-08,4.824871225058118e-05
7.72499999999998e-08,4.824871372947419e-05
7.72999999999998e-08,4.824871397688069e-05
7.73499999999998e-08,4.824871326522666e-05
7.739999999999981e-08,4.824871255357263e-05
7.744999999999981e-08,4.824871286861313e-05
7.749999999999981e-08,4.824871424208645e-05
7.754999999999982e-08,4.824871365861834e-05
7.759999999999982e-08,4.824871298827353e-05
7.764999999999983e-08,4.824871231792872e-05
7.769999999999983e-08,4.824871280413562e-05
7.774999999999983e-08,4.824871343665389e-05
7.779999999999984e-08,4.824871406917215e-05
7.784999999999984e-08,4.824871417528867e-05
7.789999999999984e-08,4.824871362181692e-05
7.794999999999985e-08,4.824871306834516e-05
7.799999999999985e-08,4.824871251487341e-05
7.804999999999986e-08,4.831911180661684e-05
7.809999999999986e-08,4.783880320577739e-05
7.814999999999986e-08,4.782328366985588e-05
7.819999999999987e-08,4.782268128159965e-05
7.824999999999987e-08,4.782264230269461e-05
7.829999999999987e-08,4.782264120366625e-05
7.834999999999988e-08,4.78226410848729e-05
7.839999999999988e-08,4.782264033422394e-05
7.844999999999989e-08,4.782264069200136e-05
7.849999999999989e-08,4.782264109255376e-05
7.854999999999989e-08,4.782264053746349e-05
7.85999999999999e-08,4.782264065973093e-05
7.86499999999999e-08,4.782264128238654e-05
7.86999999999999e-08,4.782264058049107e-05
7.874999999999991e-08,4.78226403585803e-05
7.879999999999991e-08,4.782264154848323e-05
7.884999999999992e-08,4.782264067764136e-05
7.889999999999992e-08,4.782263993643338e-05
7.894999999999992e-08,4.782264184620022e-05
7.899999999999993e-08,4.782264084752081e-05
7.904999999999993e-08,4.78226398247589e-05
7.909999999999993e-08,4.78226416181218e-05
7.914999999999994e-08,4.782264104596099e-05
7.919999999999994e-08,4.782263990139346e-05
7.924999999999995e-08,4.782263997170916e-05
7.929999999999995e-08,4.782264052006748e-05
7.934999999999995e-08,4.782264106842581e-05
7.939999999999996e-08,4.782264161678412e-05
7.944999999999996e-08,4.782264169295224e-05
7.949999999999996e-08,4.782264129369292e-05
7.954999999999997e-08,4.782264089443358e-05
7.959999999999997e-08,4.782264049517426e-05
7.964999999999998e-08,4.782264009591493e-05
7.969999999999998e-08,4.78226396966556e-05
7.974999999999998e-08,4.782263989195765e-05
7.979999999999999e-08,4.782264028635058e-05
7.984999999999999e-08,4.782264068074352e-05
7.989999999999999e-08,4.782264107513645e-05
7.995e-08,4.782264146952939e-05
8e-08,4.782264186392233e-05
8.005000000000001e-08,4.434725967401328e-05
8.010000000000001e-08,4.441697258012038e-05
8.015000000000001e-08,4.441046948670413e-05
8.020000000000002e-08,4.441168985273603e-05
8.025000000000002e-08,4.441125930989865e-05
8.030000000000002e-08,4.441201834775768e-05
8.035000000000003e-08,4.441150745013648e-05
8.040000000000003e-08,4.441175418825423e-05
8.045000000000004e-08,4.441184370873346e-05
8.050000000000004e-08,4.44113670177623e-05
8.055000000000004e-08,4.441204501091904e-05
8.060000000000005e-08,4.441169442339285e-05
8.065000000000005e-08,4.441139912629232e-05
8.070000000000005e-08,4.441201218266602e-05
8.075000000000006e-08,4.441155308381892e-05
8.080000000000006e-08,4.441200331715116e-05
8.085000000000007e-08,4.441162104696623e-05
8.090000000000007e-08,4.441146856650751e-05
8.095000000000007e-08,4.441186589777939e-05
8.100000000000008e-08,4.441131099323291e-05
8.105000000000008e-08,4.44115744111874e-05
8.110000000000008e-08,4.441185103905961e-05
8.115000000000009e-08,4.441208364998511e-05
8.120000000000009e-08,4.441188095291924e-05
8.12500000000001e-08,4.441167825585338e-05
8.13000000000001e-08,4.441147555878752e-05
8.13500000000001e-08,4.441137101589493e-05
8.140000000000011e-08,4.441181684069612e-05
8.145000000000011e-08,4.44120201030565e-05
8.150000000000011e-08,4.441179758629709e-05
8.155000000000012e-08,4.441157506953768e-05
8.160000000000012e-08,4.441135255277827e-05
8.165000000000013e-08,4.44114654436687e-05
8.170000000000013e-08,4.441166960297668e-05
8.175000000000013e-08,4.441187376228466e-05
8.180000000000014e-08,4.441207792159263e-05
8.185000000000014e-08,4.441191764404959e-05
8.190000000000014e-08,4.441171372094119e-05
8.195000000000015e-08,4.441150979783279e-05
8.200000000000015e-08,4.441130587472439e-05
8.205000000000016e-08,4.435333883734794e-05
8.210000000000016e-08,4.386656916141975e-05
8.215000000000016e-08,4.377564324677349e-05
8.220000000000017e-08,4.376919348551999e-05
8.225000000000017e-08,4.376871034909487e-05
8.230000000000017e-08,4.376873724241899e-05
8.235000000000018e-08,4.376867952393868e-05
8.240000000000018e-08,4.376863928004247e-05
8.245000000000019e-08,4.376872552951493e-05
8.250000000000019e-08,4.376873195782097e-05
8.255000000000019e-08,4.376869329891862e-05
8.26000000000002e-08,4.376866196714691e-05
8.26500000000002e-08,4.376870386437156e-05
8.27000000000002e-08,4.376872664110317e-05
8.275000000000021e-08,4.376869864582659e-05
8.280000000000021e-08,4.376866766547813e-05
8.285000000000022e-08,4.376869347129327e-05
8.290000000000022e-08,4.376871927710841e-05
8.295000000000022e-08,4.376871028498632e-05
8.300000000000023e-08,4.376866793018865e-05
8.305000000000023e-08,4.376869544899111e-05
8.310000000000023e-08,4.376872296779357e-05
8.315000000000024e-08,4.376872570562941e-05
8.320000000000024e-08,4.376871216165222e-05
8.325000000000025e-08,4.376869861767503e-05
8.330000000000025e-08,4.376868507369784e-05
8.335000000000025e-08,4.376867152972064e-05
8.340000000000026e-08,4.376867027502345e-05
8.345000000000026e-08,4.376868123648994e-05
8.350000000000026e-08,4.376869219795643e-05
8.355000000000027e-08,4.376870315942293e-05
8.360000000000027e-08,4.376871412088941e-05
8.365000000000028e-08,4.37687250823559e-05
8.370000000000028e-08,4.376873054939231e-05
8.375000000000028e-08,4.376871959851783e-05
8.380000000000029e-08,4.376870864764334e-05
8.385000000000029e-08,4.376869769676886e-05
8.390000000000029e-08,4.376868674589438e-05
8.39500000000003e-08,4.376867579501989e-05
8.40000000000003e-08,4.376866484414549e-05
8.405000000000031e-08,4.414942535502057e-05
8.410000000000031e-08,4.442621013384694e-05
8.415000000000031e-08,4.44105692894051e-05
8.420000000000032e-08,4.441163450233724e-05
8.425000000000032e-08,4.441169370589604e-05
8.430000000000032e-08,4.441170586779958e-05
8.435000000000033e-08,4.441170016567805e-05
8.440000000000033e-08,4.44117035483287e-05
8.445000000000034e-08,4.441170268757336e-05
8.450000000000034e-08,4.441170555041694e-05
8.455000000000034e-08,4.44116992718979e-05
8.460000000000035e-08,4.441170868776463e-05
8.465000000000035e-08,4.441169584919994e-05
8.470000000000035e-08,4.44117030361525e-05
8.475000000000036e-08,4.44117087119538e-05
8.480000000000036e-08,4.441169535880128e-05
8.485000000000037e-08,4.441169853288517e-05
8.490000000000037e-08,4.441171028580719e-05
8.495000000000037e-08,4.441170626531692e-05
8.500000000000038e-08,4.441168919619878e-05
8.505000000000038e-08,4.383052981527622e-05
8.510000000000038e-08,4.383055610174447e-05
8.515000000000039e-08,4.383042044075945e-05
8.520000000000039e-08,4.383057811839144e-05
8.52500000000004e-08,4.383035511564094e-05
8.53000000000004e-08,4.383030769840906e-05
8.53500000000004e-08,4.383041966393418e-05
8.540000000000041e-08,4.383053162945931e-05
8.545000000000041e-08,4.383064359498444e-05
8.550000000000041e-08,4.383060198002801e-05
8.555000000000042e-08,4.383053492295809e-05
8.560000000000042e-08,4.383046786588818e-05
8.565000000000043e-08,4.383040080881826e-05
8.570000000000043e-08,4.383033375174834e-05
8.575000000000043e-08,4.383026669467843e-05
8.580000000000044e-08,4.383031245056348e-05
8.585000000000044e-08,4.383039925926392e-05
8.590000000000044e-08,4.383048606796435e-05
8.595000000000045e-08,4.383057287666479e-05
8.600000000000045e-08,4.38306596853645e-05
8.605000000000046e-08,4.379983685036814e-05
8.610000000000046e-08,4.297772926619616e-05
8.615000000000046e-08,4.288458747443729e-05
8.620000000000047e-08,4.287868406301798e-05
8.625000000000047e-08,4.287809243353324e-05
8.630000000000047e-08,4.287810344614046e-05
8.635000000000048e-08,4.287807412373949e-05
8.640000000000048e-08,4.287809739556801e-05
8.645000000000049e-08,4.28780788897673e-05
8.650000000000049e-08,4.287809257201701e-05
8.655000000000049e-08,4.287808175583463e-05
8.66000000000005e-08,4.28780864759269e-05
8.66500000000005e-08,4.287808509723263e-05
8.670000000000051e-08,4.287807941530923e-05
8.675000000000051e-08,4.287808877899572e-05
8.680000000000051e-08,4.287807178600504e-05
8.685000000000052e-08,4.287809280017067e-05
8.690000000000052e-08,4.287806402732481e-05
8.695000000000052e-08,4.287809672588616e-05
8.700000000000053e-08,4.287806008466453e-05
8.705000000000053e-08,4.287807591307064e-05
8.710000000000054e-08,4.287809370906721e-05
8.715000000000054e-08,4.287810119644671e-05
8.720000000000054e-08,4.287806195301381e-05
8.725000000000055e-08,4.287808481342423e-05
8.730000000000055e-08,4.287810767383465e-05
8.735000000000055e-08,4.287809655635023e-05
8.740000000000056e-08,4.287808532112347e-05
8.745000000000056e-08,4.287807408589672e-05
8.750000000000057e-08,4.287806285066996e-05
8.755000000000057e-08,4.287806796269959e-05
8.760000000000057e-08,4.2878077727966e-05
8.765000000000058e-08,4.287808749323241e-05
8.770000000000058e-08,4.287809725849882e-05
8.775000000000058e-08,4.287810702376523e-05
8.780000000000059e-08,4.287809934939407e-05
8.785000000000059e-08,4.28780895021808e-05
8.79000000000006e-08,4.287807965496753e-05
8.79500000000006e-08,4.287806980775426e-05
8.80000000000006e-08,4.287805996054139e-05
8.805000000000061e-08,4.321242448833522e-05
8.810000000000061e-08,4.718471955520921e-05
8.815000000000061e-08,4.825018269030555e-05
8.820000000000062e-08,4.824891754368099e-05
8.825000000000062e-08,4.824868990437959e-05
8.830000000000063e-08,4.824873711554644e-05
8.835000000000063e-08,4.824871664110855e-05
8.840000000000063e-08,4.824868048589234e-05
8.845000000000064e-08,4.824874515053476e-05
8.850000000000064e-08,4.824870889027319e-05
8.855000000000064e-08,4.824869328977066e-05
8.860000000000065e-08,4.824873786680567e-05
8.865000000000065e-08,4.824870117448226e-05
8.870000000000066e-08,4.824870845478327e-05
8.875000000000066e-08,4.824873042408972e-05
8.880000000000066e-08,4.824869327299401e-05
8.885000000000067e-08,4.8248723986841e-05
8.890000000000067e-08,4.82487227904674e-05
8.895000000000067e-08,4.824868518843615e-05
8.900000000000068e-08,4.824873988688751e-05
8.905000000000068e-08,4.824871496463597e-05
8.910000000000069e-08,4.824867963944541e-05
8.915000000000069e-08,4.824874542537495e-05
8.920000000000069e-08,4.824870696303978e-05
8.92500000000007e-08,4.8248681918896e-05
8.93000000000007e-08,4.824870121277306e-05
8.93500000000007e-08,4.824872050665013e-05
8.940000000000071e-08,4.82487398005272e-05
8.945000000000071e-08,4.824872723830283e-05
8.950000000000072e-08,4.824868412977846e-05
8.955000000000072e-08,4.824869534868348e-05
8.960000000000072e-08,4.824871697657393e-05
8.965000000000073e-08,4.824873860446438e-05
8.970000000000073e-08,4.824874395463341e-05
8.975000000000073e-08,4.82487328068019e-05
8.980000000000074e-08,4.82487216589704e-05
8.985000000000074e-08,4.824871051113889e-05
8.990000000000075e-08,4.824869936330737e-05
8.995000000000075e-08,4.824868821547587e-05
9.000000000000075e-08,4.824867706764406e-05
9.005000000000076e-08,4.83192075898188e-05
9.010000000000076e-08,4.78388070339624e-05
9.015000000000076e-08,4.78232914793802e-05
9.020000000000077e-08,4.782268441758078e-05
9.025000000000077e-08,4.782264773224376e-05
9.030000000000078e-08,4.7822637492093e-05
9.035000000000078e-08,4.782263737831725e-05
9.040000000000078e-08,4.782264472306112e-05
9.045000000000079e-08,4.782264053660741e-05
9.050000000000079e-08,4.782263677080787e-05
9.055000000000079e-08,4.782264379603566e-05
9.06000000000008e-08,4.782264294520714e-05
9.06500000000008e-08,4.782263575176821e-05
9.070000000000081e-08,4.78226426030848e-05
9.075000000000081e-08,4.782264510753872e-05
9.080000000000081e-08,4.782263475827971e-05
9.085000000000082e-08,4.782264147059985e-05
9.090000000000082e-08,4.782264720100208e-05
9.095000000000082e-08,4.782263389404129e-05
9.100000000000083e-08,4.782264039550827e-05
9.105000000000083e-08,4.782264700839927e-05
9.110000000000084e-08,4.782263612076211e-05
9.115000000000084e-08,4.782263932820048e-05
9.120000000000084e-08,4.782264587640977e-05
9.125000000000085e-08,4.78226453181283e-05
9.130000000000085e-08,4.782264201256934e-05
9.135000000000085e-08,4.782263870701037e-05
9.140000000000086e-08,4.782263540145142e-05
9.145000000000086e-08,4.782263497912783e-05
9.150000000000087e-08,4.782263740990859e-05
9.155000000000087e-08,4.782263984068935e-05
9.160000000000087e-08,4.782264227147012e-05
9.165000000000088e-08,4.782264470225089e-05
9.170000000000088e-08,4.782264713303165e-05
9.175000000000088e-08,4.782264590571076e-05
9.180000000000089e-08,4.782264346754761e-05
9.185000000000089e-08,4.782264102938446e-05
9.19000000000009e-08,4.782263859122132e-05
9.19500000000009e-08,4.782263615305817e-05
9.20000000000009e-08,4.782263371489557e-05
9.205000000000091e-08,4.800094985029777e-05
9.210000000000091e-08,4.827199814279198e-05
9.215000000000091e-08,4.825058894859166e-05
9.220000000000092e-08,4.824879292308171e-05
9.225000000000092e-08,4.824871621950791e-05
9.230000000000093e-08,4.824871151077501e-05
9.235000000000093e-08,4.82487168210776e-05
9.240000000000093e-08,4.824871461811683e-05
9.245000000000094e-08,4.82487122693669e-05
9.250000000000094e-08,4.824870992061697e-05
9.255000000000094e-08,4.824871400673081e-05
9.260000000000095e-08,4.824871605555788e-05
9.265000000000095e-08,4.824871368900574e-05
9.270000000000096e-08,4.824871132245361e-05
9.275000000000096e-08,4.824871108962181e-05
9.280000000000096e-08,4.824871568290143e-05
9.285000000000097e-08,4.824871500426555e-05
9.290000000000097e-08,4.82487127659727e-05
9.295000000000097e-08,4.824871052767986e-05
9.300000000000098e-08,4.824871293985018e-05
9.305000000000098e-08,4.824871623427111e-05
9.310000000000099e-08,4.824871408227057e-05
9.315000000000099e-08,4.824871193027004e-05
9.320000000000099e-08,4.824871039938095e-05
9.3250000000001e-08,4.824871463019296e-05
9.3300000000001e-08,4.824871531140791e-05
9.3350000000001e-08,4.824871323106509e-05
9.340000000000101e-08,4.824871115072226e-05
9.345000000000101e-08,4.824871211339924e-05
9.350000000000102e-08,4.82487162095598e-05
9.355000000000102e-08,4.824871444354393e-05
9.360000000000102e-08,4.824871241923853e-05
9.365000000000103e-08,4.824871039493313e-05
9.370000000000103e-08,4.82487117979635e-05
9.375000000000103e-08,4.82487136330811e-05
9.380000000000104e-08,4.82487154681987e-05
9.385000000000104e-08,4.824871571051354e-05
9.390000000000105e-08,4.824871395841351e-05
9.395000000000105e-08,4.824871220631348e-05
9.400000000000105e-08,4.824871045421286e-05
9.405000000000106e-08,4.831911164586211e-05
9.410000000000106e-08,4.78388030904694e-05
9.415000000000106e-08,4.782328409449243e-05
9.420000000000107e-08,4.782268145235086e-05
9.425000000000107e-08,4.782264258365053e-05
9.430000000000108e-08,4.78226410134791e-05
9.435000000000108e-08,4.782264090627811e-05
9.440000000000108e-08,4.782264059290709e-05
9.445000000000109e-08,4.782264068398218e-05
9.450000000000109e-08,4.782264084683514e-05
9.455000000000109e-08,4.782264072052539e-05
9.46000000000011e-08,4.782264079163993e-05
9.46500000000011e-08,4.782264097248722e-05
9.470000000000111e-08,4.78226406906836e-05
9.475000000000111e-08,4.782264062462538e-05
9.480000000000111e-08,4.782264117742379e-05
9.485000000000112e-08,4.782264071781004e-05
9.490000000000112e-08,4.782264033066381e-05
9.495000000000112e-08,4.782264142698103e-05
9.500000000000113e-08,4.782264082059683e-05
9.505000000000113e-08,4.782264020002887e-05
9.510000000000114e-08,4.782264133921329e-05
9.515000000000114e-08,4.78226409549559e-05
9.520000000000114e-08,4.78226402033814e-05
9.525000000000115e-08,4.782264024441775e-05
9.530000000000115e-08,4.782264059743986e-05
9.535000000000115e-08,4.782264095046197e-05
9.540000000000116e-08,4.782264130348408e-05
9.545000000000116e-08,4.782264135288607e-05
9.550000000000117e-08,4.78226410964879e-05
9.555000000000117e-08,4.782264084008973e-05
9.560000000000117e-08,4.782264058369156e-05
9.565000000000118e-08,4.782264032729338e-05
9.570000000000118e-08,4.782264007089521e-05
9.575000000000118e-08,4.782264019530468e-05
9.580000000000119e-08,4.78226404472562e-05
9.585000000000119e-08,4.782264069920772e-05
9.59000000000012e-08,4.782264095115924e-05
9.59500000000012e-08,4.782264120311077e-05
9.60000000000012e-08,4.7822641455063e-05
9.605000000000121e-08,4.800095434181007e-05
9.610000000000121e-08,4.827199920993909e-05
9.615000000000122e-08,4.825058994500133e-05
9.620000000000122e-08,4.824879460715217e-05
9.625000000000122e-08,4.824871613105619e-05
9.630000000000123e-08,4.824871223833829e-05
9.635000000000123e-08,4.824871468425468e-05
9.640000000000123e-08,4.824871382510633e-05
9.645000000000124e-08,4.824871290173653e-05
9.650000000000124e-08,4.824871197836674e-05
9.655000000000125e-08,4.824871360582646e-05
9.660000000000125e-08,4.82487144167817e-05
9.665000000000125e-08,4.824871346174431e-05
9.670000000000126e-08,4.824871250670692e-05
9.675000000000126e-08,4.824871239114583e-05
9.680000000000126e-08,4.824871417540323e-05
9.685000000000127e-08,4.824871393425113e-05
9.690000000000127e-08,4.824871309342723e-05
9.695000000000128e-08,4.824871225260332e-05
9.700000000000128e-08,4.824871312897651e-05
9.705000000000128e-08,4.824871433880138e-05
9.710000000000129e-08,4.82487135699933e-05
9.715000000000129e-08,4.824871280118522e-05
9.720000000000129e-08,4.824871225058088e-05
9.72500000000013e-08,4.824871372947455e-05
9.73000000000013e-08,4.824871397688112e-05
9.735000000000131e-08,4.824871326522672e-05
9.740000000000131e-08,4.824871255357232e-05
9.745000000000131e-08,4.824871286861296e-05
9.750000000000132e-08,4.824871424208697e-05
9.755000000000132e-08,4.824871365861856e-05
9.760000000000132e-08,4.824871298827342e-05
9.765000000000133e-08,4.824871231792828e-05
9.770000000000133e-08,4.824871280413542e-05
9.775000000000134e-08,4.8248713436654e-05
9.780000000000134e-08,4.824871406917258e-05
9.785000000000134e-08,4.82487141752891e-05
9.790000000000135e-08,4.824871362181692e-05
9.795000000000135e-08,4.824871306834474e-05
9.800000000000135e-08,4.824871251487181e-05
9.805000000000136e-08,4.831911180659248e-05
9.810000000000136e-08,4.783880320577629e-05
9.815000000000137e-08,4.782328366985565e-05
9.820000000000137e-08,4.782268128159961e-05
9.825000000000137e-08,4.782264230269455e-05
9.830000000000138e-08,4.782264120366634e-05
9.835000000000138e-08,4.782264108487296e-05
9.840000000000138e-08,4.782264033422386e-05
9.845000000000139e-08,4.782264069200117e-05
9.850000000000139e-08,4.782264109255356e-05
9.85500000000014e-08,4.78226405374634e-05
9.86000000000014e-08,4.782264065973093e-05
9.86500000000014e-08,4.782264128238664e-05
9.870000000000141e-08,4.782264058049118e-05
9.875000000000141e-08,4.782264035858034e-05
9.880000000000141e-08,4.782264154848301e-05
9.885000000000142e-08,4.782264067764129e-05
9.890000000000142e-08,4.782263993643343e-05
9.895000000000143e-08,4.78226418462003e-05
9.900000000000143e-08,4.782264084752076e-05
9.905000000000143e-08,4.782263982475873e-05
9.910000000000144e-08,4.782264161812196e-05
9.915000000000144e-08,4.782264104596097e-05
9.920000000000144e-08,4.782263990139314e-05
9.925000000000145e-08,4.782263997170886e-05
9.930000000000145e-08,4.782264052006735e-05
9.935000000000146e-08,4.782264106842585e-05
9.940000000000146e-08,4.782264161678434e-05
9.945000000000146e-08,4.78226416929525e-05
9.950000000000147e-08,4.782264129369305e-05
9.955000000000147e-08,4.78226408944336e-05
9.960000000000147e-08,4.782264049517415e-05
9.965000000000148e-08,4.78226400959147e-05
9.970000000000148e-08,4.782263969665525e-05
9.975000000000149e-08,4.782263989195738e-05
9.980000000000149e-08,4.782264028635047e-05
9.985000000000149e-08,4.782264068074355e-05
9.99000000000015e-08,4.782264107513664e-05
9.99500000000015e-08,4.782264146952972e-05
1.000000000000015e-07,4.782264186392281e-05
