/SUB_TOP_R (plaintext=139) X,/SUB_TOP_R (plaintext=139) Y
0,4.340116329760849e-05
5e-11,4.369243502956909e-05
9.999999999999999e-11,4.430166995527293e-05
1.5e-10,4.430436006924895e-05
2e-10,4.430552231870348e-05
2.5e-10,4.430561981666036e-05
2.999999999999999e-10,4.430558985291548e-05
3.499999999999999e-10,4.430560832160739e-05
3.999999999999999e-10,4.43056061527397e-05
4.499999999999999e-10,4.430559458347214e-05
4.999999999999999e-10,4.430560983687965e-05
5.5e-10,4.43056015860455e-05
6e-10,4.430559740618576e-05
6.5e-10,4.430561242348767e-05
7.000000000000001e-10,4.430559629701029e-05
7.500000000000001e-10,4.430560018518105e-05
8.000000000000001e-10,4.430559745147494e-05
8.500000000000002e-10,4.430560969731904e-05
9.000000000000002e-10,4.43056119519946e-05
9.500000000000002e-10,4.430560586503686e-05
1e-09,4.430559977807912e-05
1.05e-09,4.430559369112138e-05
1.1e-09,4.430559553704543e-05
1.15e-09,4.430560785456839e-05
1.2e-09,4.430561325246296e-05
1.25e-09,4.430560707080669e-05
1.3e-09,4.430560088915043e-05
1.350000000000001e-09,4.430559470749416e-05
1.400000000000001e-09,4.430559120904622e-05
1.450000000000001e-09,4.430559534377753e-05
1.500000000000001e-09,4.430559947850884e-05
1.550000000000001e-09,4.430560361324015e-05
1.600000000000001e-09,4.430560774797146e-05
1.650000000000001e-09,4.430561188270277e-05
1.700000000000001e-09,4.430561494263302e-05
1.750000000000001e-09,4.430561081258355e-05
1.800000000000001e-09,4.430560668253409e-05
1.850000000000001e-09,4.430560255248462e-05
1.900000000000001e-09,4.430559842243516e-05
1.950000000000001e-09,4.430559429238569e-05
2.000000000000001e-09,4.430559016233623e-05
2.050000000000001e-09,4.42613941842057e-05
2.100000000000001e-09,4.343883552176897e-05
2.150000000000001e-09,4.340312003772128e-05
2.200000000000001e-09,4.340130182991719e-05
2.250000000000001e-09,4.340117603890618e-05
2.300000000000001e-09,4.340115648233198e-05
2.350000000000001e-09,4.340116114491547e-05
2.400000000000001e-09,4.340117235327356e-05
2.450000000000001e-09,4.340115543524832e-05
2.500000000000001e-09,4.340116270810192e-05
2.550000000000001e-09,4.340117279820664e-05
2.600000000000001e-09,4.340115345874708e-05
2.650000000000001e-09,4.340116399574618e-05
2.700000000000001e-09,4.340117083163612e-05
2.750000000000001e-09,4.34011544202501e-05
2.800000000000001e-09,4.340116536829516e-05
2.850000000000002e-09,4.340116838351661e-05
2.900000000000002e-09,4.340115552781814e-05
2.950000000000002e-09,4.340116681993633e-05
3.000000000000002e-09,4.340116573291941e-05
3.050000000000002e-09,4.340115673601589e-05
3.100000000000002e-09,4.340116824989688e-05
3.150000000000002e-09,4.340116348125266e-05
3.200000000000002e-09,4.34011586039282e-05
3.250000000000002e-09,4.340116910637126e-05
3.300000000000002e-09,4.34011700856577e-05
3.350000000000002e-09,4.340116495498794e-05
3.400000000000002e-09,4.340115982431818e-05
3.450000000000002e-09,4.340115469364842e-05
3.500000000000002e-09,4.340115635311009e-05
3.550000000000002e-09,4.340115999855705e-05
3.600000000000002e-09,4.340116364400403e-05
3.650000000000002e-09,4.3401167289451e-05
3.700000000000002e-09,4.340117093489797e-05
3.750000000000002e-09,4.340117175784904e-05
3.800000000000002e-09,4.340116810725061e-05
3.850000000000001e-09,4.340116445665218e-05
3.900000000000001e-09,4.340116080605376e-05
3.950000000000001e-09,4.340115715545533e-05
4e-09,4.34011535048569e-05
4.05e-09,4.369877309689966e-05
4.099999999999999e-09,4.430145656153854e-05
4.149999999999999e-09,4.430440630832848e-05
4.199999999999999e-09,4.43055308919699e-05
4.249999999999998e-09,4.430561199753489e-05
4.299999999999998e-09,4.430559685232398e-05
4.349999999999998e-09,4.430561930048864e-05
4.399999999999997e-09,4.430559158915577e-05
4.449999999999997e-09,4.430561212761102e-05
4.499999999999996e-09,4.430559080846779e-05
4.549999999999996e-09,4.430560568729373e-05
4.599999999999996e-09,4.43056037416762e-05
4.649999999999995e-09,4.430559919616712e-05
4.699999999999995e-09,4.430561678785228e-05
4.749999999999995e-09,4.430559269821727e-05
4.799999999999994e-09,4.430559754059683e-05
4.849999999999994e-09,4.430561101925662e-05
4.899999999999993e-09,4.430561286850295e-05
4.949999999999993e-09,4.430559999910199e-05
4.999999999999993e-09,4.430558712970103e-05
5.049999999999992e-09,4.37268706049619e-05
5.099999999999992e-09,4.372681485389722e-05
5.149999999999992e-09,4.372667353966318e-05
5.199999999999991e-09,4.372682904619625e-05
5.249999999999991e-09,4.37266069752838e-05
5.29999999999999e-09,4.372656348937119e-05
5.34999999999999e-09,4.372667730393658e-05
5.39999999999999e-09,4.372679111850197e-05
5.449999999999989e-09,4.372690493306736e-05
5.499999999999989e-09,4.372684530823335e-05
5.549999999999988e-09,4.372677669329487e-05
5.599999999999988e-09,4.37267080783564e-05
5.649999999999988e-09,4.372663946341792e-05
5.699999999999987e-09,4.372657084847945e-05
5.749999999999987e-09,4.372650335711616e-05
5.799999999999987e-09,4.372658483298822e-05
5.849999999999986e-09,4.372666630886028e-05
5.899999999999986e-09,4.372674778473234e-05
5.949999999999985e-09,4.372682926060439e-05
5.999999999999985e-09,4.372691073647646e-05
6.049999999999985e-09,4.37121806503724e-05
6.099999999999984e-09,4.294456118060931e-05
6.149999999999984e-09,4.291437148007163e-05
6.199999999999984e-09,4.29127570886369e-05
6.249999999999983e-09,4.291265210621414e-05
6.299999999999983e-09,4.291263577633501e-05
6.349999999999982e-09,4.291264946283505e-05
6.399999999999982e-09,4.291263301474304e-05
6.449999999999982e-09,4.291264594650182e-05
6.499999999999981e-09,4.291263995834055e-05
6.549999999999981e-09,4.29126421231839e-05
6.599999999999981e-09,4.29126482198147e-05
6.64999999999998e-09,4.291263770459751e-05
6.69999999999998e-09,4.291265427828627e-05
6.749999999999979e-09,4.291263278045735e-05
6.799999999999979e-09,4.291265033384201e-05
6.849999999999979e-09,4.291263187074078e-05
6.899999999999978e-09,4.291264584428782e-05
6.949999999999978e-09,4.291264128589731e-05
6.999999999999977e-09,4.291264092214068e-05
7.049999999999977e-09,4.291265588516451e-05
7.099999999999977e-09,4.291264623649127e-05
7.149999999999976e-09,4.291263658781802e-05
7.199999999999976e-09,4.291263151003499e-05
7.249999999999976e-09,4.291265684083162e-05
7.299999999999975e-09,4.291264515577041e-05
7.349999999999975e-09,4.291263237100861e-05
7.399999999999974e-09,4.291263210417837e-05
7.449999999999974e-09,4.291263851582096e-05
7.499999999999975e-09,4.291264492746354e-05
7.549999999999975e-09,4.291265133910612e-05
7.599999999999975e-09,4.291265755653862e-05
7.649999999999976e-09,4.291265009272854e-05
7.699999999999976e-09,4.291264262891846e-05
7.749999999999977e-09,4.291263516510838e-05
7.799999999999977e-09,4.291262780606477e-05
7.849999999999978e-09,4.291263531245767e-05
7.899999999999978e-09,4.291264281885058e-05
7.949999999999979e-09,4.291265032524348e-05
7.999999999999979e-09,4.291265783163638e-05
8.049999999999979e-09,4.317918418317569e-05
8.09999999999998e-09,4.403909107636774e-05
8.14999999999998e-09,4.411924391484764e-05
8.199999999999981e-09,4.412012273399659e-05
8.249999999999981e-09,4.412016643740418e-05
8.299999999999982e-09,4.412016933874523e-05
8.349999999999982e-09,4.412017150946496e-05
8.399999999999983e-09,4.412016831983774e-05
8.449999999999983e-09,4.412017120509048e-05
8.499999999999983e-09,4.412016748934352e-05
8.549999999999984e-09,4.412017115237128e-05
8.599999999999984e-09,4.412016632688401e-05
8.649999999999985e-09,4.412017088331521e-05
8.699999999999985e-09,4.412016722334723e-05
8.749999999999986e-09,4.412017025762297e-05
8.799999999999986e-09,4.412016881980805e-05
8.849999999999987e-09,4.41201692584863e-05
8.899999999999987e-09,4.412017102551523e-05
8.949999999999987e-09,4.41201680394413e-05
8.999999999999988e-09,4.412017469001009e-05
9.049999999999988e-09,4.412017094785925e-05
9.099999999999989e-09,4.412016720570842e-05
9.149999999999989e-09,4.412016579978106e-05
9.19999999999999e-09,4.412017327530113e-05
9.24999999999999e-09,4.412017210688324e-05
9.299999999999991e-09,4.412016837693543e-05
9.349999999999991e-09,4.412016464698762e-05
9.399999999999992e-09,4.412016592301801e-05
9.449999999999992e-09,4.412016776961151e-05
9.499999999999992e-09,4.412016961620501e-05
9.549999999999993e-09,4.412017146279851e-05
9.599999999999993e-09,4.412017330939201e-05
9.649999999999994e-09,4.412017465284836e-05
9.699999999999994e-09,4.41201731507362e-05
9.749999999999995e-09,4.412017164862404e-05
9.799999999999995e-09,4.412017014651187e-05
9.849999999999996e-09,4.412016864439971e-05
9.899999999999996e-09,4.412016714228754e-05
9.949999999999996e-09,4.412016564017538e-05
9.999999999999997e-09,4.412016413806322e-05
1.005e-08,4.411026735228268e-05
1.01e-08,4.336945216483317e-05
1.015e-08,4.334572179072576e-05
1.02e-08,4.334454140836798e-05
1.025e-08,4.334445843862929e-05
1.03e-08,4.334446292995394e-05
1.035e-08,4.334446227965889e-05
1.04e-08,4.334445485674411e-05
1.045e-08,4.334445982291526e-05
1.05e-08,4.334446314623191e-05
1.055e-08,4.334445611425844e-05
1.06e-08,4.334445798857062e-05
1.065e-08,4.334446425345302e-05
1.07e-08,4.33444571078497e-05
1.075e-08,4.334445584612248e-05
1.08e-08,4.334446538274018e-05
1.085e-08,4.334445814546918e-05
1.09e-08,4.334445366349702e-05
1.095000000000001e-08,4.334446650772497e-05
1.100000000000001e-08,4.334445923572469e-05
1.105000000000001e-08,4.33444519637244e-05
1.110000000000001e-08,4.334446604991369e-05
1.115000000000001e-08,4.334446030528299e-05
1.120000000000001e-08,4.334445305671904e-05
1.125000000000001e-08,4.334445481399339e-05
1.130000000000001e-08,4.334445837509765e-05
1.135000000000001e-08,4.334446193620192e-05
1.140000000000001e-08,4.334446549730618e-05
1.145000000000001e-08,4.334446516111175e-05
1.150000000000001e-08,4.334446260901997e-05
1.155000000000001e-08,4.334446005692819e-05
1.160000000000001e-08,4.334445750483641e-05
1.165000000000001e-08,4.334445495274462e-05
1.170000000000001e-08,4.334445240065284e-05
1.175000000000001e-08,4.334445401438225e-05
1.180000000000001e-08,4.334445655024712e-05
1.185000000000001e-08,4.334445908611198e-05
1.190000000000001e-08,4.334446162197685e-05
1.195000000000001e-08,4.334446415784171e-05
1.200000000000001e-08,4.334446669370658e-05
1.205000000000002e-08,4.360697871452551e-05
1.210000000000002e-08,4.412066725396274e-05
1.215000000000002e-08,4.411949835750669e-05
1.220000000000002e-08,4.412012399068947e-05
1.225000000000002e-08,4.412018323659557e-05
1.230000000000002e-08,4.412016072120972e-05
1.235000000000002e-08,4.412016477231829e-05
1.240000000000002e-08,4.412017843307217e-05
1.245000000000002e-08,4.412017037852604e-05
1.250000000000002e-08,4.412016011536693e-05
1.255000000000002e-08,4.412017377118747e-05
1.260000000000002e-08,4.412017938745968e-05
1.265000000000002e-08,4.412015554421137e-05
1.270000000000002e-08,4.412016923271286e-05
1.275000000000002e-08,4.412018292121435e-05
1.280000000000002e-08,4.412016111356196e-05
1.285000000000002e-08,4.412016466890006e-05
1.290000000000002e-08,4.412017839232545e-05
1.295000000000002e-08,4.412017023003449e-05
1.300000000000002e-08,4.412016008228821e-05
1.305000000000002e-08,4.412017383310107e-05
1.310000000000002e-08,4.412017938220909e-05
1.315000000000003e-08,4.412015548921386e-05
1.320000000000003e-08,4.412016926065466e-05
1.325000000000003e-08,4.412018303209545e-05
1.330000000000003e-08,4.412017891645554e-05
1.335000000000003e-08,4.412017203918612e-05
1.340000000000003e-08,4.41201651619167e-05
1.345000000000003e-08,4.412015828464728e-05
1.350000000000003e-08,4.412015679644222e-05
1.355000000000003e-08,4.412016265997883e-05
1.360000000000003e-08,4.412016852351545e-05
1.365000000000003e-08,4.412017438705205e-05
1.370000000000003e-08,4.412018025058866e-05
1.375000000000003e-08,4.412018363402354e-05
1.380000000000003e-08,4.412017777066545e-05
1.385000000000003e-08,4.412017190730737e-05
1.390000000000003e-08,4.412016604394929e-05
1.395000000000003e-08,4.412016018059121e-05
1.400000000000003e-08,4.412015431723312e-05
1.405000000000003e-08,4.411027298220871e-05
1.410000000000003e-08,4.336945020492995e-05
1.415000000000003e-08,4.334572577615445e-05
1.420000000000003e-08,4.334454313119261e-05
1.425000000000003e-08,4.334446128135594e-05
1.430000000000004e-08,4.334446097236803e-05
1.435000000000004e-08,4.334446060294014e-05
1.440000000000004e-08,4.334445749127969e-05
1.445000000000004e-08,4.33444595012914e-05
1.450000000000004e-08,4.334446090088745e-05
1.455000000000004e-08,4.334445806209516e-05
1.460000000000004e-08,4.33444588870434e-05
1.465000000000004e-08,4.334446147634183e-05
1.470000000000004e-08,4.334445840343436e-05
1.475000000000004e-08,4.334445789253424e-05
1.480000000000004e-08,4.334446211121228e-05
1.485000000000004e-08,4.334445882401318e-05
1.490000000000004e-08,4.334445678440519e-05
1.495000000000004e-08,4.334446277994918e-05
1.500000000000004e-08,4.334445933325931e-05
1.505000000000004e-08,4.334445588656945e-05
1.510000000000004e-08,4.334446264632333e-05
1.515000000000004e-08,4.334445985866873e-05
1.520000000000004e-08,4.334445630853388e-05
1.525000000000004e-08,4.334445713670627e-05
1.530000000000004e-08,4.334445886460842e-05
1.535000000000004e-08,4.334446059251057e-05
1.540000000000005e-08,4.334446232041273e-05
1.545000000000005e-08,4.334446217078362e-05
1.550000000000005e-08,4.334446093316631e-05
1.555000000000005e-08,4.334445969554899e-05
1.560000000000005e-08,4.334445845793168e-05
1.565000000000005e-08,4.334445722031436e-05
1.570000000000005e-08,4.334445598269705e-05
1.575000000000005e-08,4.334445675756796e-05
1.580000000000005e-08,4.334445798454305e-05
1.585000000000005e-08,4.334445921151814e-05
1.590000000000005e-08,4.334446043849323e-05
1.595000000000005e-08,4.334446166546832e-05
1.600000000000005e-08,4.334446289244344e-05
1.605000000000005e-08,4.360697639372581e-05
1.610000000000005e-08,4.412066799165521e-05
1.615000000000005e-08,4.411949862893112e-05
1.620000000000005e-08,4.412012398833754e-05
1.625000000000005e-08,4.412018342407396e-05
1.630000000000005e-08,4.412016061642307e-05
1.635000000000005e-08,4.412016471049742e-05
1.640000000000005e-08,4.412017853100827e-05
1.645000000000005e-08,4.412017039341056e-05
1.650000000000006e-08,4.41201600221834e-05
1.655000000000006e-08,4.412017380841924e-05
1.660000000000006e-08,4.412017947475569e-05
1.665000000000006e-08,4.412015543910626e-05
1.670000000000006e-08,4.41201692288387e-05
1.675000000000006e-08,4.412018301857115e-05
1.680000000000006e-08,4.412016106115984e-05
1.685000000000006e-08,4.412016464325936e-05
1.690000000000006e-08,4.412017843892763e-05
1.695000000000006e-08,4.412017023087069e-05
1.700000000000006e-08,4.412016005400959e-05
1.705000000000006e-08,4.412017384828466e-05
1.710000000000006e-08,4.412017939802939e-05
1.715000000000006e-08,4.412015547721118e-05
1.720000000000006e-08,4.412016926355175e-05
1.725000000000006e-08,4.412018304989232e-05
1.730000000000006e-08,4.412017891938262e-05
1.735000000000006e-08,4.412017203822285e-05
1.740000000000006e-08,4.412016515706308e-05
1.745000000000006e-08,4.412015827590331e-05
1.750000000000006e-08,4.41201567959321e-05
1.755000000000006e-08,4.412016266028591e-05
1.760000000000006e-08,4.412016852463972e-05
1.765000000000007e-08,4.412017438899354e-05
1.770000000000007e-08,4.412018025334735e-05
1.775000000000007e-08,4.412018363295475e-05
1.780000000000007e-08,4.412017777049376e-05
1.785000000000007e-08,4.412017190803277e-05
1.790000000000007e-08,4.412016604557178e-05
1.795000000000007e-08,4.412016018311079e-05
1.800000000000007e-08,4.412015432064976e-05
1.805000000000007e-08,4.411027297836492e-05
1.810000000000007e-08,4.336945004341275e-05
1.815000000000007e-08,4.334572590832724e-05
1.820000000000007e-08,4.334454318140889e-05
1.825000000000007e-08,4.334446133169799e-05
1.830000000000007e-08,4.334446094231216e-05
1.835000000000007e-08,4.334446057321854e-05
1.840000000000007e-08,4.334445753111822e-05
1.845000000000007e-08,4.334445950214316e-05
1.850000000000007e-08,4.334446086975784e-05
1.855000000000007e-08,4.334445808385122e-05
1.860000000000007e-08,4.334445890249308e-05
1.865000000000007e-08,4.334446144875091e-05
1.870000000000007e-08,4.334445841198721e-05
1.875000000000008e-08,4.334445791271261e-05
1.880000000000008e-08,4.334446209211014e-05
1.885000000000008e-08,4.334445882428814e-05
1.890000000000008e-08,4.334445679942841e-05
1.895000000000008e-08,4.334446277429112e-05
1.900000000000008e-08,4.334445933019656e-05
1.905000000000008e-08,4.334445588610199e-05
1.910000000000008e-08,4.334446265789082e-05
1.915000000000008e-08,4.334445985721325e-05
1.920000000000008e-08,4.334445629288434e-05
1.925000000000008e-08,4.334445712664907e-05
1.930000000000008e-08,4.334445886374311e-05
1.935000000000008e-08,4.334446060083714e-05
1.940000000000008e-08,4.334446233793117e-05
1.945000000000008e-08,4.334446218667222e-05
1.950000000000008e-08,4.334446094156876e-05
1.955000000000008e-08,4.334445969646529e-05
1.960000000000008e-08,4.334445845136183e-05
1.965000000000008e-08,4.334445720625836e-05
1.970000000000008e-08,4.33444559611549e-05
1.975000000000008e-08,4.334445674146875e-05
1.980000000000008e-08,4.334445797665758e-05
1.985000000000009e-08,4.334445921184642e-05
1.990000000000009e-08,4.334446044703525e-05
1.995000000000009e-08,4.334446168222408e-05
2.000000000000009e-08,4.334446291740779e-05
2.005000000000009e-08,4.370204565320755e-05
2.010000000000009e-08,4.430118214983723e-05
2.015000000000009e-08,4.430454550262715e-05
2.020000000000009e-08,4.430551629012874e-05
2.025000000000009e-08,4.430580230863525e-05
2.030000000000009e-08,4.430544893462853e-05
2.035000000000009e-08,4.43056158660141e-05
2.040000000000009e-08,4.430576936820769e-05
2.045000000000009e-08,4.430558625675335e-05
2.050000000000009e-08,4.430540314529901e-05
2.055000000000009e-08,4.430550793372336e-05
2.060000000000009e-08,4.430563495774325e-05
2.065000000000009e-08,4.430576198176314e-05
2.070000000000009e-08,4.430576557643344e-05
2.075000000000009e-08,4.430567708527868e-05
2.080000000000009e-08,4.430558859412394e-05
2.085000000000009e-08,4.430550010296919e-05
2.090000000000009e-08,4.430541161181444e-05
2.095000000000009e-08,4.43055715148286e-05
2.10000000000001e-08,4.430581692392902e-05
2.10500000000001e-08,4.430569513130693e-05
2.11000000000001e-08,4.430557196654602e-05
2.11500000000001e-08,4.43054488017851e-05
2.12000000000001e-08,4.430553033679561e-05
2.12500000000001e-08,4.430581575690342e-05
2.13000000000001e-08,4.430567809047613e-05
2.13500000000001e-08,4.43055348424687e-05
2.14000000000001e-08,4.430539159446127e-05
2.14500000000001e-08,4.430572094490065e-05
2.15000000000001e-08,4.430569606596751e-05
2.15500000000001e-08,4.43055205381639e-05
2.16000000000001e-08,4.430547704487222e-05
2.16500000000001e-08,4.430578572710724e-05
2.17000000000001e-08,4.430557441488625e-05
2.17500000000001e-08,4.430539733785798e-05
2.18000000000001e-08,4.430557122475752e-05
2.18500000000001e-08,4.430574511165706e-05
2.19000000000001e-08,4.430572941056967e-05
2.19500000000001e-08,4.430555507070988e-05
2.20000000000001e-08,4.430538073085013e-05
2.20500000000001e-08,4.426530956179221e-05
2.210000000000011e-08,4.343939738238433e-05
2.215000000000011e-08,4.340314560061272e-05
2.220000000000011e-08,4.34012831521213e-05
2.225000000000011e-08,4.340123473757519e-05
2.230000000000011e-08,4.340113984799133e-05
2.235000000000011e-08,4.340108609643192e-05
2.240000000000011e-08,4.340113305951692e-05
2.245000000000011e-08,4.340117811384919e-05
2.250000000000011e-08,4.340122117977607e-05
2.255000000000011e-08,4.340121195290062e-05
2.260000000000011e-08,4.340112729451159e-05
2.265000000000011e-08,4.340110276859312e-05
2.270000000000011e-08,4.340117296781544e-05
2.275000000000011e-08,4.340122513381937e-05
2.280000000000011e-08,4.340116760155379e-05
2.285000000000011e-08,4.340111006928822e-05
2.290000000000011e-08,4.340115162177974e-05
2.295000000000011e-08,4.340122716910622e-05
2.300000000000011e-08,4.340116747662006e-05
2.305000000000011e-08,4.340110778413389e-05
2.310000000000011e-08,4.340110345212989e-05
2.315000000000011e-08,4.340113322567706e-05
2.320000000000012e-08,4.340116299922423e-05
2.325000000000012e-08,4.340119277277141e-05
2.330000000000012e-08,4.340122254631858e-05
2.335000000000012e-08,4.340123293270523e-05
2.340000000000012e-08,4.340120955576022e-05
2.345000000000012e-08,4.34011861788152e-05
2.350000000000012e-08,4.340116280187018e-05
2.355000000000012e-08,4.340113942492517e-05
2.360000000000012e-08,4.340111604798016e-05
2.365000000000012e-08,4.340109267103514e-05
2.370000000000012e-08,4.34011011859073e-05
2.375000000000012e-08,4.340112454512527e-05
2.380000000000012e-08,4.340114790434324e-05
2.385000000000012e-08,4.340117126356121e-05
2.390000000000012e-08,4.340119462277918e-05
2.395000000000012e-08,4.340121798199715e-05
2.400000000000012e-08,4.340124134121517e-05
2.405000000000012e-08,4.36908038926526e-05
2.410000000000012e-08,4.430171763528078e-05
2.415000000000012e-08,4.430431774727078e-05
2.420000000000012e-08,4.430551998036564e-05
2.425000000000012e-08,4.430561436985983e-05
2.430000000000012e-08,4.430558766510284e-05
2.435000000000013e-08,4.430560622326047e-05
2.440000000000013e-08,4.430560929117322e-05
2.445000000000013e-08,4.430559370681523e-05
2.450000000000013e-08,4.430561058396664e-05
2.455000000000013e-08,4.430559969485313e-05
2.460000000000013e-08,4.430559882880136e-05
2.465000000000013e-08,4.430561421964253e-05
2.470000000000013e-08,4.430559170490657e-05
2.475000000000013e-08,4.430560311173018e-05
2.480000000000013e-08,4.430561401534667e-05
2.485000000000013e-08,4.430560186687537e-05
2.490000000000013e-08,4.430559119434917e-05
2.495000000000013e-08,4.430560300824475e-05
2.500000000000013e-08,4.430561482214844e-05
2.505000000000013e-08,4.372745253322669e-05
2.510000000000013e-08,4.372731189867752e-05
2.515000000000013e-08,4.372629569340386e-05
2.520000000000013e-08,4.372739454092218e-05
2.525000000000013e-08,4.372666646779055e-05
2.530000000000013e-08,4.37259999330655e-05
2.535000000000013e-08,4.372647702997406e-05
2.540000000000013e-08,4.372695412688261e-05
2.545000000000014e-08,4.372743122379117e-05
2.550000000000014e-08,4.372713851516112e-05
2.555000000000014e-08,4.372683481833869e-05
2.560000000000014e-08,4.372653112151625e-05
2.565000000000014e-08,4.372622742469383e-05
2.570000000000014e-08,4.372601637508442e-05
2.575000000000014e-08,4.372625327894352e-05
2.580000000000014e-08,4.372649018280263e-05
2.585000000000014e-08,4.372672708666174e-05
2.590000000000014e-08,4.372696399052085e-05
2.595000000000014e-08,4.372720089437996e-05
2.600000000000014e-08,4.372743779823854e-05
2.605000000000014e-08,4.371480539345875e-05
2.610000000000014e-08,4.29447840474471e-05
2.615000000000014e-08,4.291438043598036e-05
2.620000000000014e-08,4.29127659819077e-05
2.625000000000014e-08,4.291273810215494e-05
2.630000000000014e-08,4.291254347014664e-05
2.635000000000014e-08,4.291265557025048e-05
2.640000000000014e-08,4.29126913797792e-05
2.645000000000014e-08,4.291258077617102e-05
2.650000000000014e-08,4.291269742240037e-05
2.655000000000015e-08,4.291260854063788e-05
2.660000000000015e-08,4.29126222199229e-05
2.665000000000015e-08,4.291273995425362e-05
2.670000000000015e-08,4.291254563363324e-05
2.675000000000015e-08,4.291266443505804e-05
2.680000000000015e-08,4.29126762025167e-05
2.685000000000015e-08,4.291258756185454e-05
2.690000000000015e-08,4.29127073855836e-05
2.695000000000015e-08,4.291259060286724e-05
2.700000000000015e-08,4.291263024321511e-05
2.705000000000015e-08,4.29127461857236e-05
2.710000000000015e-08,4.291255184517529e-05
2.715000000000015e-08,4.291267359353653e-05
2.720000000000015e-08,4.291272763775085e-05
2.725000000000015e-08,4.29126665884436e-05
2.730000000000015e-08,4.291260553913635e-05
2.735000000000015e-08,4.29125444898291e-05
2.740000000000015e-08,4.291266537943714e-05
2.745000000000015e-08,4.291271645429793e-05
2.750000000000015e-08,4.291263928433894e-05
2.755000000000015e-08,4.291256211437996e-05
2.760000000000015e-08,4.291256673285239e-05
2.765000000000015e-08,4.291261687091687e-05
2.770000000000016e-08,4.291266700898134e-05
2.775000000000016e-08,4.291271714704581e-05
2.780000000000016e-08,4.291273505475066e-05
2.785000000000016e-08,4.291268485629305e-05
2.790000000000016e-08,4.291263465783543e-05
2.795000000000016e-08,4.291258445937782e-05
2.800000000000016e-08,4.291253426092035e-05
2.805000000000016e-08,4.317911684640263e-05
2.810000000000016e-08,4.403906030609568e-05
2.815000000000016e-08,4.411924080375891e-05
2.820000000000016e-08,4.412012857816164e-05
2.825000000000016e-08,4.412016639846406e-05
2.830000000000016e-08,4.41201720056167e-05
2.835000000000016e-08,4.412016297489601e-05
2.840000000000016e-08,4.412017379915881e-05
2.845000000000016e-08,4.412016325631292e-05
2.850000000000016e-08,4.412017564856558e-05
2.855000000000016e-08,4.412016478385695e-05
2.860000000000016e-08,4.412017722125313e-05
2.865000000000016e-08,4.412016644316291e-05
2.870000000000016e-08,4.412017392075136e-05
2.875000000000016e-08,4.412016808427564e-05
2.880000000000017e-08,4.412017065163634e-05
2.885000000000017e-08,4.412016968089813e-05
2.890000000000017e-08,4.412016734573952e-05
2.895000000000017e-08,4.412017137686726e-05
2.900000000000017e-08,4.412016203190199e-05
2.905000000000017e-08,4.41201678023805e-05
2.910000000000017e-08,4.412017357285901e-05
2.915000000000017e-08,4.412017512351046e-05
2.920000000000017e-08,4.412016331885911e-05
2.925000000000017e-08,4.412016589041823e-05
2.930000000000017e-08,4.412017192760802e-05
2.935000000000017e-08,4.41201779647978e-05
2.940000000000017e-08,4.412017546920406e-05
2.945000000000017e-08,4.412017240058493e-05
2.950000000000017e-08,4.41201693319658e-05
2.955000000000017e-08,4.412016626334667e-05
2.960000000000017e-08,4.412016319472753e-05
2.965000000000017e-08,4.412016122669482e-05
2.970000000000017e-08,4.412016366942446e-05
2.975000000000017e-08,4.41201661121541e-05
2.980000000000017e-08,4.412016855488374e-05
2.985000000000017e-08,4.412017099761338e-05
2.990000000000017e-08,4.412017344034302e-05
2.995000000000017e-08,4.412017588307266e-05
3.000000000000016e-08,4.412017832580221e-05
3.005000000000016e-08,4.411026641052263e-05
3.010000000000016e-08,4.336945294479731e-05
3.015000000000015e-08,4.334571945060004e-05
3.020000000000015e-08,4.334454033290457e-05
3.025000000000015e-08,4.334445647552617e-05
3.030000000000015e-08,4.334446431141555e-05
3.035000000000014e-08,4.334446343925874e-05
3.040000000000014e-08,4.334445299338593e-05
3.045000000000014e-08,4.334446008478574e-05
3.050000000000013e-08,4.334446475430895e-05
3.055000000000013e-08,4.334445468790017e-05
3.060000000000013e-08,4.334445736164007e-05
3.065000000000013e-08,4.334446631351133e-05
3.070000000000012e-08,4.334445612169918e-05
3.075000000000012e-08,4.33444543235138e-05
3.080000000000012e-08,4.334446789841601e-05
3.085000000000011e-08,4.334445760291888e-05
3.090000000000011e-08,4.334445123806073e-05
3.095000000000011e-08,4.33444694827923e-05
3.100000000000011e-08,4.334445914030004e-05
3.10500000000001e-08,4.334444879780779e-05
3.11000000000001e-08,4.334446886766823e-05
3.11500000000001e-08,4.334446066063297e-05
3.120000000000009e-08,4.334445032905487e-05
3.125000000000009e-08,4.334445286719094e-05
3.130000000000009e-08,4.33444579713778e-05
3.135000000000009e-08,4.334446307556467e-05
3.140000000000008e-08,4.334446817975153e-05
3.145000000000008e-08,4.334446768657719e-05
3.150000000000008e-08,4.334446402156097e-05
3.155000000000007e-08,4.334446035654474e-05
3.160000000000007e-08,4.334445669152851e-05
3.165000000000007e-08,4.334445302651228e-05
3.170000000000007e-08,4.334444936149606e-05
3.175000000000006e-08,4.334445168802761e-05
3.180000000000006e-08,4.334445533736967e-05
3.185000000000006e-08,4.334445898671174e-05
3.190000000000005e-08,4.33444626360538e-05
3.195000000000005e-08,4.334446628539586e-05
3.200000000000005e-08,4.334446993473793e-05
3.205000000000005e-08,4.360698009438547e-05
3.210000000000004e-08,4.412066643761774e-05
3.215000000000004e-08,4.411949734123671e-05
3.220000000000004e-08,4.412012417208547e-05
3.225000000000003e-08,4.412018157248741e-05
3.230000000000003e-08,4.412016179752391e-05
3.235000000000003e-08,4.412016535870538e-05
3.240000000000003e-08,4.412017738010191e-05
3.245000000000002e-08,4.412017029931706e-05
3.250000000000002e-08,4.412016126441999e-05
3.255000000000002e-08,4.412017325551201e-05
3.260000000000001e-08,4.412017819168952e-05
3.265000000000001e-08,4.412015727196263e-05
3.270000000000001e-08,4.412016927117259e-05
3.275000000000001e-08,4.412018127038255e-05
3.28e-08,4.412016217160905e-05
3.285e-08,4.412016527753584e-05
3.29e-08,4.412017728792554e-05
3.294999999999999e-08,4.412017015565827e-05
3.299999999999999e-08,4.412016127631781e-05
3.304999999999999e-08,4.412017329117967e-05
3.309999999999999e-08,4.412017814497453e-05
3.314999999999998e-08,4.412015728301882e-05
3.319999999999998e-08,4.412016929643075e-05
3.324999999999998e-08,4.412018130984267e-05
3.329999999999997e-08,4.412017772368228e-05
3.334999999999997e-08,4.412017172812502e-05
3.339999999999997e-08,4.412016573256776e-05
3.344999999999997e-08,4.412015973701051e-05
3.349999999999996e-08,4.412015843840206e-05
3.354999999999996e-08,4.412016354882936e-05
3.359999999999996e-08,4.412016865925665e-05
3.364999999999995e-08,4.412017376968395e-05
3.369999999999995e-08,4.412017888011124e-05
3.374999999999995e-08,4.412018182954396e-05
3.379999999999995e-08,4.412017672058272e-05
3.384999999999994e-08,4.41201716116215e-05
3.389999999999994e-08,4.412016650266026e-05
3.394999999999994e-08,4.412016139369903e-05
3.399999999999993e-08,4.412015628473779e-05
3.404999999999993e-08,4.411027294314832e-05
3.409999999999993e-08,4.33694501814584e-05
3.414999999999993e-08,4.334572568316266e-05
3.419999999999992e-08,4.334454308284134e-05
3.424999999999992e-08,4.334446117346377e-05
3.429999999999992e-08,4.334446105087438e-05
3.434999999999991e-08,4.334446066682566e-05
3.439999999999991e-08,4.334445738506911e-05
3.444999999999991e-08,4.33444595189648e-05
3.449999999999991e-08,4.334446099449497e-05
3.45499999999999e-08,4.334445797676607e-05
3.45999999999999e-08,4.334445885151544e-05
3.46499999999999e-08,4.334446160228328e-05
3.469999999999989e-08,4.334445834157334e-05
3.474999999999989e-08,4.334445779859263e-05
3.479999999999989e-08,4.334446227210844e-05
3.484999999999989e-08,4.334445878822572e-05
3.489999999999988e-08,4.334445662681807e-05
3.494999999999988e-08,4.334446297842431e-05
3.499999999999988e-08,4.334445932616043e-05
3.504999999999987e-08,4.334445567389655e-05
3.509999999999987e-08,4.334446283988841e-05
3.514999999999987e-08,4.334445988287876e-05
3.519999999999987e-08,4.334445611827544e-05
3.524999999999986e-08,4.334445700017943e-05
3.529999999999986e-08,4.334445883642685e-05
3.534999999999986e-08,4.334446067267427e-05
3.539999999999985e-08,4.33444625089217e-05
3.544999999999985e-08,4.334446234898552e-05
3.549999999999985e-08,4.334446103275674e-05
3.554999999999985e-08,4.334445971652796e-05
3.559999999999984e-08,4.334445840029918e-05
3.564999999999984e-08,4.33444570840704e-05
3.569999999999984e-08,4.334445576784162e-05
3.574999999999983e-08,4.334445659291699e-05
3.579999999999983e-08,4.334445789888919e-05
3.584999999999983e-08,4.33444592048614e-05
3.589999999999983e-08,4.334446051083359e-05
3.594999999999982e-08,4.33444618168058e-05
3.599999999999982e-08,4.3344463122778e-05
3.604999999999982e-08,4.360697652835145e-05
3.609999999999981e-08,4.41206678775061e-05
3.614999999999981e-08,4.411949852627889e-05
3.619999999999981e-08,4.412012400299065e-05
3.624999999999981e-08,4.412018327631858e-05
3.62999999999998e-08,4.412016071069308e-05
3.63499999999998e-08,4.412016476233797e-05
3.63999999999998e-08,4.412017843917318e-05
3.644999999999979e-08,4.412017038566082e-05
3.649999999999979e-08,4.412016012157369e-05
3.654999999999979e-08,4.412017376442233e-05
3.659999999999979e-08,4.412017937183204e-05
3.664999999999978e-08,4.412015558578499e-05
3.669999999999978e-08,4.412016923248587e-05
3.674999999999978e-08,4.412018287918675e-05
3.679999999999977e-08,4.412016114923454e-05
3.684999999999977e-08,4.412016469428987e-05
3.689999999999977e-08,4.412017834734941e-05
3.694999999999977e-08,4.412017022403511e-05
3.699999999999976e-08,4.412016015209705e-05
3.704999999999976e-08,4.412017380425198e-05
3.709999999999976e-08,4.412017929693605e-05
3.714999999999975e-08,4.412015562196339e-05
3.719999999999975e-08,4.41201692667382e-05
3.724999999999975e-08,4.412018291151301e-05
3.729999999999975e-08,4.412017882358733e-05
3.734999999999974e-08,4.412017201313635e-05
3.739999999999974e-08,4.412016520268537e-05
3.744999999999974e-08,4.412015839223438e-05
3.749999999999973e-08,4.4120156927386e-05
3.754999999999973e-08,4.412016273150654e-05
3.759999999999973e-08,4.412016853562708e-05
3.764999999999973e-08,4.412017433974761e-05
3.769999999999972e-08,4.412018014386814e-05
3.774999999999972e-08,4.412018348880389e-05
3.779999999999972e-08,4.412017768653885e-05
3.784999999999971e-08,4.412017188427381e-05
3.789999999999971e-08,4.412016608200878e-05
3.794999999999971e-08,4.412016027974374e-05
3.79999999999997e-08,4.412015447747871e-05
3.80499999999997e-08,4.411027297041779e-05
3.80999999999997e-08,4.33694500429608e-05
3.81499999999997e-08,4.334572588414011e-05
3.819999999999969e-08,4.334454316954086e-05
3.824999999999969e-08,4.334446130785652e-05
3.829999999999969e-08,4.334446095936962e-05
3.834999999999968e-08,4.334446058733305e-05
3.839999999999968e-08,4.334445750808269e-05
3.844999999999968e-08,4.334445950563388e-05
3.849999999999968e-08,4.33444608898839e-05
3.854999999999967e-08,4.334445806581425e-05
3.859999999999967e-08,4.334445889467752e-05
3.864999999999967e-08,4.334446147517357e-05
3.869999999999966e-08,4.334445839925215e-05
3.874999999999966e-08,4.334445789301019e-05
3.879999999999966e-08,4.334446212510656e-05
3.884999999999966e-08,4.334445881715096e-05
3.889999999999965e-08,4.334445676727443e-05
3.894999999999965e-08,4.334446281412911e-05
3.899999999999965e-08,4.33444593289453e-05
3.904999999999964e-08,4.334445584376148e-05
3.909999999999964e-08,4.334446269585587e-05
3.914999999999964e-08,4.334445986212682e-05
3.919999999999964e-08,4.334445625577327e-05
3.924999999999963e-08,4.334445709993964e-05
3.929999999999963e-08,4.334445885816139e-05
3.934999999999963e-08,4.334446061638315e-05
3.939999999999962e-08,4.33444623746049e-05
3.944999999999962e-08,4.334446222139047e-05
3.949999999999962e-08,4.33444609609981e-05
3.954999999999962e-08,4.334445970060572e-05
3.959999999999961e-08,4.334445844021335e-05
3.964999999999961e-08,4.334445717982098e-05
3.969999999999961e-08,4.33444559194286e-05
3.97499999999996e-08,4.334445670946586e-05
3.97999999999996e-08,4.33444579599833e-05
3.98499999999996e-08,4.334445921050074e-05
3.98999999999996e-08,4.334446046101819e-05
3.994999999999959e-08,4.334446171153563e-05
3.999999999999959e-08,4.334446296205308e-05
4.004999999999959e-08,4.370204561093058e-05
4.009999999999958e-08,4.430118211697125e-05
4.014999999999958e-08,4.43045455258314e-05
4.019999999999958e-08,4.430551630678016e-05
4.024999999999958e-08,4.430580228438232e-05
4.029999999999957e-08,4.430544895468665e-05
4.034999999999957e-08,4.430561585058062e-05
4.039999999999957e-08,4.430576937760061e-05
4.044999999999956e-08,4.430558627169134e-05
4.049999999999956e-08,4.430540316578207e-05
4.054999999999956e-08,4.430550792274245e-05
4.059999999999956e-08,4.430563494309526e-05
4.064999999999955e-08,4.430576196344808e-05
4.069999999999955e-08,4.430576558486965e-05
4.074999999999955e-08,4.430567709621706e-05
4.079999999999954e-08,4.430558860756448e-05
4.084999999999954e-08,4.430550011891189e-05
4.089999999999954e-08,4.430541163025931e-05
4.094999999999954e-08,4.43055714720579e-05
4.099999999999953e-08,4.430581687452291e-05
4.104999999999953e-08,4.430569515350723e-05
4.109999999999953e-08,4.430557199203383e-05
4.114999999999952e-08,4.430544883056044e-05
4.119999999999952e-08,4.430553027561011e-05
4.124999999999952e-08,4.430581568858068e-05
4.129999999999952e-08,4.430567812260027e-05
4.134999999999951e-08,4.430553487812443e-05
4.139999999999951e-08,4.430539163364859e-05
4.144999999999951e-08,4.430572085414639e-05
4.14999999999995e-08,4.430569611002198e-05
4.15499999999995e-08,4.430552058617571e-05
4.15999999999995e-08,4.430547693275428e-05
4.16499999999995e-08,4.430578578251614e-05
4.169999999999949e-08,4.430557447456241e-05
4.174999999999949e-08,4.43053972924523e-05
4.179999999999949e-08,4.4305571186398e-05
4.184999999999948e-08,4.430574508034371e-05
4.189999999999948e-08,4.430572942812776e-05
4.194999999999948e-08,4.4305555081144e-05
4.199999999999948e-08,4.430538073416024e-05
4.204999999999947e-08,4.426530961993627e-05
4.209999999999947e-08,4.343939738439052e-05
4.214999999999947e-08,4.340314560047754e-05
4.219999999999946e-08,4.340128315160125e-05
4.224999999999946e-08,4.34012347357651e-05
4.229999999999946e-08,4.340113985080569e-05
4.234999999999946e-08,4.340108609613285e-05
4.239999999999945e-08,4.340113305787512e-05
4.244999999999945e-08,4.340117811091938e-05
4.249999999999945e-08,4.340122117562723e-05
4.254999999999944e-08,4.340121195909339e-05
4.259999999999944e-08,4.340112730299358e-05
4.264999999999944e-08,4.340110276534863e-05
4.269999999999944e-08,4.340117297002428e-05
4.274999999999943e-08,4.340122513115134e-05
4.279999999999943e-08,4.340116759965756e-05
4.284999999999943e-08,4.340111006816377e-05
4.289999999999942e-08,4.340115162686188e-05
4.294999999999942e-08,4.340122716525618e-05
4.299999999999942e-08,4.340116747352948e-05
4.304999999999942e-08,4.340110778180278e-05
4.309999999999941e-08,4.340110345498262e-05
4.314999999999941e-08,4.340113322815141e-05
4.319999999999941e-08,4.34011630013202e-05
4.32499999999994e-08,4.340119277448899e-05
4.32999999999994e-08,4.340122254765778e-05
4.33499999999994e-08,4.340123292958777e-05
4.33999999999994e-08,4.340120955319979e-05
4.344999999999939e-08,4.340118617681181e-05
4.349999999999939e-08,4.340116280042384e-05
4.354999999999939e-08,4.340113942403585e-05
4.359999999999938e-08,4.340111604764788e-05
4.364999999999938e-08,4.34010926712599e-05
4.369999999999938e-08,4.340110118787342e-05
4.374999999999938e-08,4.340112454653652e-05
4.379999999999937e-08,4.340114790519964e-05
4.384999999999937e-08,4.340117126386275e-05
4.389999999999937e-08,4.340119462252587e-05
4.394999999999936e-08,4.340121798118898e-05
4.399999999999936e-08,4.340124133985209e-05
4.404999999999936e-08,4.369080388978493e-05
4.409999999999936e-08,4.430171763526119e-05
4.414999999999935e-08,4.430431774698658e-05
4.419999999999935e-08,4.43055199803532e-05
4.424999999999935e-08,4.430561436983504e-05
4.429999999999934e-08,4.430558766511124e-05
4.434999999999934e-08,4.430560622333252e-05
4.439999999999934e-08,4.4305609291024e-05
4.444999999999934e-08,4.430559370689369e-05
4.449999999999933e-08,4.430561058409847e-05
4.454999999999933e-08,4.430559969458916e-05
4.459999999999933e-08,4.430559882893629e-05
4.464999999999932e-08,4.430561421981905e-05
4.469999999999932e-08,4.430559170455418e-05
4.474999999999932e-08,4.430560311190883e-05
4.479999999999932e-08,4.430561401519568e-05
4.484999999999931e-08,4.430560186675381e-05
4.489999999999931e-08,4.430559119441751e-05
4.494999999999931e-08,4.430560300828299e-05
4.49999999999993e-08,4.430561482214848e-05
4.50499999999993e-08,4.372745253324105e-05
4.50999999999993e-08,4.372731189869713e-05
4.51499999999993e-08,4.372629569338937e-05
4.519999999999929e-08,4.372739454094471e-05
4.524999999999929e-08,4.372666646779355e-05
4.529999999999929e-08,4.372599993304058e-05
4.534999999999928e-08,4.372647702996172e-05
4.539999999999928e-08,4.372695412688287e-05
4.544999999999928e-08,4.372743122380402e-05
4.549999999999928e-08,4.372713851518073e-05
4.554999999999927e-08,4.372683481835058e-05
4.559999999999927e-08,4.372653112152042e-05
4.564999999999927e-08,4.372622742469026e-05
4.569999999999926e-08,4.372601637505503e-05
4.574999999999926e-08,4.372625327892267e-05
4.579999999999926e-08,4.372649018279031e-05
4.584999999999926e-08,4.372672708665797e-05
4.589999999999925e-08,4.372696399052561e-05
4.594999999999925e-08,4.372720089439325e-05
4.599999999999925e-08,4.37274377982609e-05
4.604999999999924e-08,4.371480539346025e-05
4.609999999999924e-08,4.294478404745173e-05
4.614999999999924e-08,4.291438043597891e-05
4.619999999999924e-08,4.291276598190755e-05
4.624999999999923e-08,4.291273810215463e-05
4.629999999999923e-08,4.291254347014675e-05
4.634999999999923e-08,4.291265557025048e-05
4.639999999999922e-08,4.291269137977906e-05
4.644999999999922e-08,4.291258077617097e-05
4.649999999999922e-08,4.291269742240045e-05
4.654999999999922e-08,4.291260854063767e-05
4.659999999999921e-08,4.291262221992292e-05
4.664999999999921e-08,4.291273995425412e-05
4.669999999999921e-08,4.291254563363267e-05
4.67499999999992e-08,4.291266443505829e-05
4.67999999999992e-08,4.291267620251678e-05
4.68499999999992e-08,4.291258756185391e-05
4.68999999999992e-08,4.291270738558431e-05
4.694999999999919e-08,4.291259060286678e-05
4.699999999999919e-08,4.291263024321506e-05
4.704999999999919e-08,4.291274618572451e-05
4.709999999999918e-08,4.291255184517412e-05
4.714999999999918e-08,4.291267359353711e-05
4.719999999999918e-08,4.291272763775211e-05
4.724999999999918e-08,4.291266658844387e-05
4.729999999999917e-08,4.291260553913562e-05
4.734999999999917e-08,4.291254448982737e-05
4.739999999999917e-08,4.29126653794379e-05
4.744999999999916e-08,4.291271645429913e-05
4.749999999999916e-08,4.291263928433857e-05
4.754999999999916e-08,4.291256211437801e-05
4.759999999999916e-08,4.291256673285127e-05
4.764999999999915e-08,4.291261687091667e-05
4.769999999999915e-08,4.291266700898207e-05
4.774999999999915e-08,4.291271714704747e-05
4.779999999999914e-08,4.291273505475234e-05
4.784999999999914e-08,4.291268485629378e-05
4.789999999999914e-08,4.291263465783524e-05
4.794999999999914e-08,4.291258445937668e-05
4.799999999999913e-08,4.291253426091813e-05
4.804999999999913e-08,4.317911684640142e-05
4.809999999999913e-08,4.40390603060975e-05
4.814999999999912e-08,4.411924080376003e-05
4.819999999999912e-08,4.412012857816022e-05
4.824999999999912e-08,4.412016639846402e-05
4.829999999999912e-08,4.412017200561618e-05
4.834999999999911e-08,4.412016297489781e-05
4.839999999999911e-08,4.412017379915781e-05
4.844999999999911e-08,4.412016325631438e-05
4.84999999999991e-08,4.412017564856423e-05
4.85499999999991e-08,4.412016478385802e-05
4.85999999999991e-08,4.412017722125121e-05
4.86499999999991e-08,4.412016644316368e-05
4.869999999999909e-08,4.412017392075016e-05
4.874999999999909e-08,4.412016808427584e-05
4.879999999999909e-08,4.412017065163622e-05
4.884999999999908e-08,4.412016968089807e-05
4.889999999999908e-08,4.412016734573976e-05
4.894999999999908e-08,4.412017137686674e-05
4.899999999999908e-08,4.412016203190346e-05
4.904999999999907e-08,4.412016780238097e-05
4.909999999999907e-08,4.412017357285848e-05
4.914999999999907e-08,4.412017512350962e-05
4.919999999999906e-08,4.412016331886003e-05
4.924999999999906e-08,4.412016589041872e-05
4.929999999999906e-08,4.412017192760756e-05
4.934999999999906e-08,4.41201779647964e-05
4.939999999999905e-08,4.412017546920308e-05
4.944999999999905e-08,4.412017240058447e-05
4.949999999999905e-08,4.412016933196585e-05
4.954999999999904e-08,4.412016626334724e-05
4.959999999999904e-08,4.412016319472862e-05
4.964999999999904e-08,4.412016122669622e-05
4.969999999999904e-08,4.412016366942544e-05
4.974999999999903e-08,4.412016611215466e-05
4.979999999999903e-08,4.412016855488388e-05
4.984999999999903e-08,4.41201709976131e-05
4.989999999999902e-08,4.412017344034233e-05
4.994999999999902e-08,4.412017588307155e-05
4.999999999999902e-08,4.412017832580077e-05
5.004999999999902e-08,4.411026641054052e-05
5.009999999999901e-08,4.336945294479914e-05
5.014999999999901e-08,4.334571945060012e-05
5.019999999999901e-08,4.334454033290461e-05
5.0249999999999e-08,4.334445647552616e-05
5.0299999999999e-08,4.334446431141555e-05
5.0349999999999e-08,4.334446343925875e-05
5.0399999999999e-08,4.334445299338595e-05
5.044999999999899e-08,4.334446008478569e-05
5.049999999999899e-08,4.334446475430887e-05
5.054999999999899e-08,4.334445468790018e-05
5.059999999999898e-08,4.334445736164003e-05
5.064999999999898e-08,4.334446631351112e-05
5.069999999999898e-08,4.334445612169911e-05
5.074999999999898e-08,4.334445432351378e-05
5.079999999999897e-08,4.33444678984158e-05
5.084999999999897e-08,4.334445760291878e-05
5.089999999999897e-08,4.334445123806073e-05
5.094999999999896e-08,4.334446948279211e-05
5.099999999999896e-08,4.334445914029995e-05
5.104999999999896e-08,4.33444487978078e-05
5.109999999999896e-08,4.334446886766823e-05
5.114999999999895e-08,4.33444606606329e-05
5.119999999999895e-08,4.334445032905474e-05
5.124999999999895e-08,4.334445286719091e-05
5.129999999999894e-08,4.334445797137787e-05
5.134999999999894e-08,4.334446307556482e-05
5.139999999999894e-08,4.334446817975177e-05
5.144999999999894e-08,4.334446768657738e-05
5.149999999999893e-08,4.334446402156102e-05
5.154999999999893e-08,4.334446035654466e-05
5.159999999999893e-08,4.334445669152829e-05
5.164999999999892e-08,4.334445302651194e-05
5.169999999999892e-08,4.334444936149557e-05
5.174999999999892e-08,4.334445168802725e-05
5.179999999999892e-08,4.334445533736948e-05
5.184999999999891e-08,4.334445898671171e-05
5.189999999999891e-08,4.334446263605393e-05
5.194999999999891e-08,4.334446628539617e-05
5.19999999999989e-08,4.33444699347384e-05
5.20499999999989e-08,4.360698009434138e-05
5.20999999999989e-08,4.412066643761824e-05
5.21499999999989e-08,4.411949734123637e-05
5.219999999999889e-08,4.41201241720855e-05
5.224999999999889e-08,4.412018157248742e-05
5.229999999999889e-08,4.412016179752382e-05
5.234999999999888e-08,4.412016535870538e-05
5.239999999999888e-08,4.412017738010205e-05
5.244999999999888e-08,4.412017029931715e-05
5.249999999999888e-08,4.412016126441998e-05
5.254999999999887e-08,4.41201732555121e-05
5.259999999999887e-08,4.412017819168967e-05
5.264999999999887e-08,4.412015727196253e-05
5.269999999999886e-08,4.412016927117237e-05
5.274999999999886e-08,4.412018127038222e-05
5.279999999999886e-08,4.41201621716091e-05
5.284999999999886e-08,4.412016527753584e-05
5.289999999999885e-08,4.412017728792535e-05
5.294999999999885e-08,4.412017015565826e-05
5.299999999999885e-08,4.412016127631794e-05
5.304999999999884e-08,4.412017329117956e-05
5.309999999999884e-08,4.412017814497434e-05
5.314999999999884e-08,4.4120157283019e-05
5.319999999999884e-08,4.412016929643066e-05
5.324999999999883e-08,4.412018130984231e-05
5.329999999999883e-08,4.412017772368205e-05
5.334999999999883e-08,4.412017172812496e-05
5.339999999999882e-08,4.412016573256786e-05
5.344999999999882e-08,4.412015973701077e-05
5.349999999999882e-08,4.412015843840239e-05
5.354999999999882e-08,4.412016354882963e-05
5.359999999999881e-08,4.412016865925687e-05
5.364999999999881e-08,4.412017376968411e-05
5.369999999999881e-08,4.412017888011134e-05
5.37499999999988e-08,4.412018182954403e-05
5.37999999999988e-08,4.412017672058289e-05
5.38499999999988e-08,4.412017161162175e-05
5.38999999999988e-08,4.41201665026606e-05
5.394999999999879e-08,4.412016139369946e-05
5.399999999999879e-08,4.412015628473832e-05
5.404999999999879e-08,4.411027294316644e-05
5.409999999999878e-08,4.336945018146016e-05
5.414999999999878e-08,4.334572568316275e-05
5.419999999999878e-08,4.33445430828413e-05
5.424999999999878e-08,4.334446117346352e-05
5.429999999999877e-08,4.334446105087454e-05
5.434999999999877e-08,4.334446066682571e-05
5.439999999999877e-08,4.334445738506867e-05
5.444999999999876e-08,4.33444595189646e-05
5.449999999999876e-08,4.334446099449511e-05
5.454999999999876e-08,4.334445797676616e-05
5.459999999999876e-08,4.334445885151551e-05
5.464999999999875e-08,4.334446160228332e-05
5.469999999999875e-08,4.334445834157338e-05
5.474999999999875e-08,4.334445779859263e-05
5.479999999999874e-08,4.334446227210825e-05
5.484999999999874e-08,4.334445878822571e-05
5.489999999999874e-08,4.334445662681822e-05
5.494999999999874e-08,4.334446297842423e-05
5.499999999999873e-08,4.334445932616045e-05
5.504999999999873e-08,4.334445567389666e-05
5.509999999999873e-08,4.334446283988821e-05
5.514999999999872e-08,4.334445988287865e-05
5.519999999999872e-08,4.334445611827549e-05
5.524999999999872e-08,4.33444570001795e-05
5.529999999999872e-08,4.334445883642689e-05
5.534999999999871e-08,4.334446067267427e-05
5.539999999999871e-08,4.334446250892165e-05
5.544999999999871e-08,4.334446234898546e-05
5.54999999999987e-08,4.334446103275672e-05
5.55499999999987e-08,4.334445971652798e-05
5.55999999999987e-08,4.334445840029924e-05
5.56499999999987e-08,4.334445708407049e-05
5.569999999999869e-08,4.334445576784175e-05
5.574999999999869e-08,4.334445659291711e-05
5.579999999999869e-08,4.334445789888927e-05
5.584999999999868e-08,4.334445920486144e-05
5.589999999999868e-08,4.33444605108336e-05
5.594999999999868e-08,4.334446181680576e-05
5.599999999999868e-08,4.334446312277792e-05
5.604999999999867e-08,4.360697652830785e-05
5.609999999999867e-08,4.412066787750647e-05
5.614999999999867e-08,4.411949852627896e-05
5.619999999999866e-08,4.412012400299076e-05
5.624999999999866e-08,4.412018327631852e-05
5.629999999999866e-08,4.41201607106928e-05
5.634999999999866e-08,4.412016476233781e-05
5.639999999999865e-08,4.412017843917326e-05
5.644999999999865e-08,4.412017038566081e-05
5.649999999999865e-08,4.412016012157354e-05
5.654999999999864e-08,4.412017376442238e-05
5.659999999999864e-08,4.412017937183218e-05
5.664999999999864e-08,4.412015558578485e-05
5.669999999999863e-08,4.412016923248574e-05
5.674999999999863e-08,4.412018287918663e-05
5.679999999999863e-08,4.412016114923443e-05
5.684999999999863e-08,4.41201646942898e-05
5.689999999999862e-08,4.412017834734934e-05
5.694999999999862e-08,4.412017022403499e-05
5.699999999999862e-08,4.412016015209697e-05
5.704999999999861e-08,4.41201738042521e-05
5.709999999999861e-08,4.412017929693622e-05
5.714999999999861e-08,4.412015562196325e-05
5.719999999999861e-08,4.412016926673809e-05
5.72499999999986e-08,4.412018291151292e-05
5.72999999999986e-08,4.412017882358729e-05
5.73499999999986e-08,4.412017201313636e-05
5.739999999999859e-08,4.412016520268545e-05
5.744999999999859e-08,4.412015839223452e-05
5.749999999999859e-08,4.412015692738613e-05
5.754999999999859e-08,4.412016273150657e-05
5.759999999999858e-08,4.412016853562701e-05
5.764999999999858e-08,4.412017433974746e-05
5.769999999999858e-08,4.412018014386789e-05
5.774999999999857e-08,4.412018348880358e-05
5.779999999999857e-08,4.412017768653863e-05
5.784999999999857e-08,4.412017188427368e-05
5.789999999999857e-08,4.412016608200873e-05
5.794999999999856e-08,4.412016027974379e-05
5.799999999999856e-08,4.412015447747883e-05
5.804999999999856e-08,4.411027297043643e-05
5.809999999999855e-08,4.336945004296256e-05
5.814999999999855e-08,4.334572588414038e-05
5.819999999999855e-08,4.334454316954089e-05
5.824999999999855e-08,4.334446130785643e-05
5.829999999999854e-08,4.334446095936943e-05
5.834999999999854e-08,4.334446058733291e-05
5.839999999999854e-08,4.334445750808266e-05
5.844999999999853e-08,4.334445950563393e-05
5.849999999999853e-08,4.334446088988394e-05
5.854999999999853e-08,4.334445806581422e-05
5.859999999999853e-08,4.334445889467746e-05
5.864999999999852e-08,4.334446147517349e-05
5.869999999999852e-08,4.334445839925191e-05
5.874999999999852e-08,4.334445789300992e-05
5.879999999999851e-08,4.334446212510659e-05
5.884999999999851e-08,4.334445881715105e-05
5.889999999999851e-08,4.334445676727453e-05
5.894999999999851e-08,4.334446281412914e-05
5.89999999999985e-08,4.334445932894526e-05
5.90499999999985e-08,4.334445584376139e-05
5.90999999999985e-08,4.334446269585598e-05
5.914999999999849e-08,4.334445986212681e-05
5.919999999999849e-08,4.334445625577308e-05
5.924999999999849e-08,4.334445709993949e-05
5.929999999999849e-08,4.334445885816134e-05
5.934999999999848e-08,4.334446061638319e-05
5.939999999999848e-08,4.334446237460505e-05
5.944999999999848e-08,4.334446222139064e-05
5.949999999999847e-08,4.334446096099819e-05
5.954999999999847e-08,4.334445970060575e-05
5.959999999999847e-08,4.334445844021331e-05
5.964999999999847e-08,4.334445717982087e-05
5.969999999999848e-08,4.334445591942843e-05
5.974999999999848e-08,4.334445670946574e-05
5.979999999999848e-08,4.334445795998327e-05
5.984999999999849e-08,4.33444592105008e-05
5.989999999999849e-08,4.334446046101832e-05
5.99499999999985e-08,4.334446171153586e-05
5.99999999999985e-08,4.334446296205338e-05
6.00499999999985e-08,4.370204561087451e-05
6.009999999999851e-08,4.430118211697133e-05
6.014999999999851e-08,4.430454552583172e-05
6.019999999999851e-08,4.430551630678041e-05
6.024999999999852e-08,4.430580228438197e-05
6.029999999999852e-08,4.430544895468686e-05
6.034999999999853e-08,4.430561585058071e-05
6.039999999999853e-08,4.430576937760065e-05
6.044999999999853e-08,4.430558627169118e-05
6.049999999999854e-08,4.43054031657817e-05
6.054999999999854e-08,4.430550792274261e-05
6.059999999999854e-08,4.430563494309556e-05
6.064999999999855e-08,4.430576196344852e-05
6.069999999999855e-08,4.430576558486925e-05
6.074999999999856e-08,4.430567709621656e-05
6.079999999999856e-08,4.430558860756388e-05
6.084999999999856e-08,4.430550011891119e-05
6.089999999999857e-08,4.43054116302585e-05
6.094999999999857e-08,4.430557147206009e-05
6.099999999999857e-08,4.430581687452532e-05
6.104999999999858e-08,4.430569515350567e-05
6.109999999999858e-08,4.430557199203222e-05
6.114999999999859e-08,4.430544883055876e-05
6.119999999999859e-08,4.430553027561451e-05
6.124999999999859e-08,4.430581568858529e-05
6.12999999999986e-08,4.430567812259747e-05
6.13499999999986e-08,4.430553487812154e-05
6.13999999999986e-08,4.43053916336456e-05
6.144999999999861e-08,4.430572085415451e-05
6.149999999999861e-08,4.430569611001734e-05
6.154999999999862e-08,4.430552058617083e-05
6.159999999999862e-08,4.430547693276666e-05
6.164999999999862e-08,4.43057857825095e-05
6.169999999999863e-08,4.430557447455514e-05
6.174999999999863e-08,4.430539729245825e-05
6.179999999999863e-08,4.430557118640295e-05
6.184999999999864e-08,4.430574508034765e-05
6.189999999999864e-08,4.430572942812553e-05
6.194999999999865e-08,4.430555508114278e-05
6.199999999999865e-08,4.430538073416004e-05
6.204999999999865e-08,4.426530961996527e-05
6.209999999999866e-08,4.343939738439298e-05
6.214999999999866e-08,4.340314560047784e-05
6.219999999999866e-08,4.3401283151601e-05
6.224999999999867e-08,4.340123473576478e-05
6.229999999999867e-08,4.340113985080645e-05
6.234999999999868e-08,4.340108609613268e-05
6.239999999999868e-08,4.340113305787464e-05
6.244999999999868e-08,4.340117811091886e-05
6.249999999999869e-08,4.340122117562655e-05
6.254999999999869e-08,4.340121195909485e-05
6.259999999999869e-08,4.340112730299493e-05
6.26499999999987e-08,4.340110276534777e-05
6.26999999999987e-08,4.340117297002481e-05
6.274999999999871e-08,4.340122513115126e-05
6.279999999999871e-08,4.340116759965738e-05
6.284999999999871e-08,4.340111006816349e-05
6.289999999999872e-08,4.340115162686267e-05
6.294999999999872e-08,4.340122716525599e-05
6.299999999999872e-08,4.340116747352915e-05
6.304999999999873e-08,4.340110778180232e-05
6.309999999999873e-08,4.340110345498278e-05
6.314999999999874e-08,4.340113322815157e-05
6.319999999999874e-08,4.340116300132037e-05
6.324999999999874e-08,4.340119277448917e-05
6.329999999999875e-08,4.340122254765796e-05
6.334999999999875e-08,4.340123292958743e-05
6.339999999999875e-08,4.340120955319949e-05
6.344999999999876e-08,4.340118617681156e-05
6.349999999999876e-08,4.340116280042362e-05
6.354999999999877e-08,4.340113942403568e-05
6.359999999999877e-08,4.340111604764775e-05
6.364999999999877e-08,4.340109267125981e-05
6.369999999999878e-08,4.340110118787355e-05
6.374999999999878e-08,4.340112454653662e-05
6.379999999999878e-08,4.34011479051997e-05
6.384999999999879e-08,4.340117126386277e-05
6.389999999999879e-08,4.340119462252584e-05
6.39499999999988e-08,4.340121798118891e-05
6.39999999999988e-08,4.340124133985199e-05
6.40499999999988e-08,4.36908038897639e-05
6.409999999999881e-08,4.430171763526157e-05
6.414999999999881e-08,4.430431774698661e-05
6.419999999999881e-08,4.430551998035316e-05
6.424999999999882e-08,4.430561436983502e-05
6.429999999999882e-08,4.43055876651111e-05
6.434999999999883e-08,4.430560622333237e-05
6.439999999999883e-08,4.430560929102402e-05
6.444999999999883e-08,4.430559370689383e-05
6.449999999999884e-08,4.430561058409822e-05
6.454999999999884e-08,4.4305599694589e-05
6.459999999999884e-08,4.430559882893625e-05
6.464999999999885e-08,4.430561421981915e-05
6.469999999999885e-08,4.430559170455402e-05
6.474999999999886e-08,4.430560311190866e-05
6.479999999999886e-08,4.430561401519571e-05
6.484999999999886e-08,4.430560186675383e-05
6.489999999999887e-08,4.43055911944175e-05
6.494999999999887e-08,4.430560300828296e-05
6.499999999999887e-08,4.430561482214842e-05
6.504999999999888e-08,4.372745253324073e-05
6.509999999999888e-08,4.372731189869716e-05
6.514999999999889e-08,4.37262956933892e-05
6.519999999999889e-08,4.372739454094449e-05
6.524999999999889e-08,4.372666646779339e-05
6.52999999999989e-08,4.372599993304045e-05
6.53499999999989e-08,4.372647702996157e-05
6.53999999999989e-08,4.372695412688269e-05
6.544999999999891e-08,4.372743122380381e-05
6.549999999999891e-08,4.372713851518066e-05
6.554999999999892e-08,4.372683481835062e-05
6.559999999999892e-08,4.372653112152059e-05
6.564999999999892e-08,4.372622742469055e-05
6.569999999999893e-08,4.372601637505543e-05
6.574999999999893e-08,4.372625327892291e-05
6.579999999999893e-08,4.37264901827904e-05
6.584999999999894e-08,4.372672708665788e-05
6.589999999999894e-08,4.372696399052536e-05
6.594999999999895e-08,4.372720089439284e-05
6.599999999999895e-08,4.372743779826032e-05
6.604999999999895e-08,4.371480539346461e-05
6.609999999999896e-08,4.294478404745239e-05
6.614999999999896e-08,4.291438043597897e-05
6.619999999999896e-08,4.291276598190751e-05
6.624999999999897e-08,4.291273810215461e-05
6.629999999999897e-08,4.291254347014682e-05
6.634999999999898e-08,4.29126555702505e-05
6.639999999999898e-08,4.291269137977903e-05
6.644999999999898e-08,4.291258077617117e-05
6.649999999999899e-08,4.291269742240062e-05
6.654999999999899e-08,4.291260854063759e-05
6.659999999999899e-08,4.2912622219923e-05
6.6649999999999e-08,4.291273995425411e-05
6.6699999999999e-08,4.29125456336328e-05
6.674999999999901e-08,4.29126644350584e-05
6.679999999999901e-08,4.291267620251646e-05
6.684999999999901e-08,4.291258756185422e-05
6.689999999999902e-08,4.291270738558462e-05
6.694999999999902e-08,4.291259060286625e-05
6.699999999999902e-08,4.291263024321527e-05
6.704999999999903e-08,4.291274618572421e-05
6.709999999999903e-08,4.29125518451742e-05
6.714999999999904e-08,4.291267359353738e-05
6.719999999999904e-08,4.291272763775208e-05
6.724999999999904e-08,4.291266658844388e-05
6.729999999999905e-08,4.291260553913567e-05
6.734999999999905e-08,4.291254448982747e-05
6.739999999999906e-08,4.29126653794385e-05
6.744999999999906e-08,4.291271645429886e-05
6.749999999999906e-08,4.291263928433821e-05
6.754999999999907e-08,4.291256211437757e-05
6.759999999999907e-08,4.291256673285133e-05
6.764999999999907e-08,4.291261687091671e-05
6.769999999999908e-08,4.29126670089821e-05
6.774999999999908e-08,4.291271714704749e-05
6.779999999999909e-08,4.291273505475216e-05
6.784999999999909e-08,4.291268485629364e-05
6.789999999999909e-08,4.291263465783513e-05
6.79499999999991e-08,4.291258445937661e-05
6.79999999999991e-08,4.291253426091808e-05
6.80499999999991e-08,4.317911684639983e-05
6.809999999999911e-08,4.403906030609717e-05
6.814999999999911e-08,4.41192408037603e-05
6.819999999999912e-08,4.412012857816023e-05
6.824999999999912e-08,4.4120166398464e-05
6.829999999999912e-08,4.412017200561588e-05
6.834999999999913e-08,4.412016297489771e-05
6.839999999999913e-08,4.412017379915771e-05
6.844999999999913e-08,4.412016325631439e-05
6.849999999999914e-08,4.412017564856442e-05
6.854999999999914e-08,4.412016478385817e-05
6.859999999999915e-08,4.412017722125112e-05
6.864999999999915e-08,4.412016644316395e-05
6.869999999999915e-08,4.412017392074996e-05
6.874999999999916e-08,4.412016808427588e-05
6.879999999999916e-08,4.412017065163618e-05
6.884999999999916e-08,4.412016968089809e-05
6.889999999999917e-08,4.412016734573999e-05
6.894999999999917e-08,4.412017137686678e-05
6.899999999999918e-08,4.412016203190348e-05
6.904999999999918e-08,4.412016780238085e-05
6.909999999999918e-08,4.412017357285823e-05
6.914999999999919e-08,4.412017512350935e-05
6.919999999999919e-08,4.412016331886006e-05
6.924999999999919e-08,4.41201658904188e-05
6.92999999999992e-08,4.412017192760764e-05
6.93499999999992e-08,4.412017796479648e-05
6.939999999999921e-08,4.412017546920316e-05
6.944999999999921e-08,4.412017240058453e-05
6.949999999999921e-08,4.412016933196591e-05
6.954999999999922e-08,4.412016626334728e-05
6.959999999999922e-08,4.412016319472865e-05
6.964999999999922e-08,4.412016122669624e-05
6.969999999999923e-08,4.412016366942544e-05
6.974999999999923e-08,4.412016611215464e-05
6.979999999999924e-08,4.412016855488385e-05
6.984999999999924e-08,4.412017099761305e-05
6.989999999999924e-08,4.412017344034226e-05
6.994999999999925e-08,4.412017588307146e-05
6.999999999999925e-08,4.412017832580066e-05
7.004999999999925e-08,4.411026641053673e-05
7.009999999999926e-08,4.336945294479874e-05
7.014999999999926e-08,4.334571945060009e-05
7.019999999999927e-08,4.334454033290457e-05
7.024999999999927e-08,4.334445647552617e-05
7.029999999999927e-08,4.334446431141553e-05
7.034999999999928e-08,4.334446343925863e-05
7.039999999999928e-08,4.334445299338568e-05
7.044999999999928e-08,4.334446008478566e-05
7.049999999999929e-08,4.334446475430899e-05
7.054999999999929e-08,4.334445468789999e-05
7.05999999999993e-08,4.334445736163992e-05
7.06499999999993e-08,4.334446631351137e-05
7.06999999999993e-08,4.334445612169907e-05
7.074999999999931e-08,4.334445432351365e-05
7.079999999999931e-08,4.334446789841607e-05
7.084999999999931e-08,4.33444576029188e-05
7.089999999999932e-08,4.334445123806052e-05
7.094999999999932e-08,4.334446948279239e-05
7.099999999999933e-08,4.334445914030016e-05
7.104999999999933e-08,4.334444879780791e-05
7.109999999999933e-08,4.334446886766844e-05
7.114999999999934e-08,4.334446066063299e-05
7.119999999999934e-08,4.33444503290546e-05
7.124999999999934e-08,4.334445286719077e-05
7.129999999999935e-08,4.334445797137784e-05
7.134999999999935e-08,4.334446307556491e-05
7.139999999999936e-08,4.334446817975198e-05
7.144999999999936e-08,4.334446768657761e-05
7.149999999999936e-08,4.334446402156121e-05
7.154999999999937e-08,4.33444603565448e-05
7.159999999999937e-08,4.334445669152839e-05
7.164999999999937e-08,4.334445302651198e-05
7.169999999999938e-08,4.334444936149557e-05
7.174999999999938e-08,4.334445168802724e-05
7.179999999999939e-08,4.334445533736948e-05
7.184999999999939e-08,4.334445898671173e-05
7.189999999999939e-08,4.334446263605397e-05
7.19499999999994e-08,4.334446628539621e-05
7.19999999999994e-08,4.334446993473846e-05
7.20499999999994e-08,4.360698009433906e-05
7.209999999999941e-08,4.412066643761812e-05
7.214999999999941e-08,4.411949734123664e-05
7.219999999999942e-08,4.412012417208549e-05
7.224999999999942e-08,4.412018157248751e-05
7.229999999999942e-08,4.412016179752381e-05
7.234999999999943e-08,4.412016535870533e-05
7.239999999999943e-08,4.4120177380102e-05
7.244999999999943e-08,4.412017029931705e-05
7.249999999999944e-08,4.412016126441985e-05
7.254999999999944e-08,4.412017325551199e-05
7.259999999999945e-08,4.412017819168963e-05
7.264999999999945e-08,4.412015727196264e-05
7.269999999999945e-08,4.412016927117238e-05
7.274999999999946e-08,4.412018127038213e-05
7.279999999999946e-08,4.412016217160919e-05
7.284999999999946e-08,4.4120165277536e-05
7.289999999999947e-08,4.412017728792553e-05
7.294999999999947e-08,4.412017015565831e-05
7.299999999999948e-08,4.41201612763178e-05
7.304999999999948e-08,4.412017329117942e-05
7.309999999999948e-08,4.412017814497426e-05
7.314999999999949e-08,4.412015728301909e-05
7.319999999999949e-08,4.412016929643081e-05
7.324999999999949e-08,4.412018130984252e-05
7.32999999999995e-08,4.412017772368218e-05
7.33499999999995e-08,4.412017172812498e-05
7.339999999999951e-08,4.412016573256778e-05
7.344999999999951e-08,4.412015973701058e-05
7.349999999999951e-08,4.412015843840217e-05
7.354999999999952e-08,4.412016354882949e-05
7.359999999999952e-08,4.412016865925681e-05
7.364999999999952e-08,4.412017376968413e-05
7.369999999999953e-08,4.412017888011145e-05
7.374999999999953e-08,4.41201818295442e-05
7.379999999999954e-08,4.412017672058294e-05
7.384999999999954e-08,4.412017161162168e-05
7.389999999999954e-08,4.412016650266042e-05
7.394999999999955e-08,4.412016139369916e-05
7.399999999999955e-08,4.41201562847379e-05
7.404999999999955e-08,4.411027294315475e-05
7.409999999999956e-08,4.336945018145893e-05
7.414999999999956e-08,4.334572568316276e-05
7.419999999999957e-08,4.334454308284132e-05
7.424999999999957e-08,4.33444611734638e-05
7.429999999999957e-08,4.33444610508745e-05
7.434999999999958e-08,4.334446066682565e-05
7.439999999999958e-08,4.334445738506885e-05
7.444999999999958e-08,4.334445951896465e-05
7.449999999999959e-08,4.334446099449505e-05
7.454999999999959e-08,4.334445797676625e-05
7.45999999999996e-08,4.334445885151557e-05
7.46499999999996e-08,4.334446160228326e-05
7.46999999999996e-08,4.334445834157342e-05
7.474999999999961e-08,4.334445779859271e-05
7.479999999999961e-08,4.334446227210834e-05
7.484999999999961e-08,4.33444587882258e-05
7.489999999999962e-08,4.334445662681828e-05
7.494999999999962e-08,4.334446297842424e-05
7.499999999999963e-08,4.334445932616042e-05
7.504999999999963e-08,4.33444556738966e-05
7.509999999999963e-08,4.334446283988822e-05
7.514999999999964e-08,4.334445988287866e-05
7.519999999999964e-08,4.334445611827548e-05
7.524999999999964e-08,4.334445700017946e-05
7.529999999999965e-08,4.33444588364268e-05
7.534999999999965e-08,4.334446067267414e-05
7.539999999999966e-08,4.334446250892149e-05
7.544999999999966e-08,4.334446234898533e-05
7.549999999999966e-08,4.334446103275665e-05
7.554999999999967e-08,4.334445971652797e-05
7.559999999999967e-08,4.334445840029929e-05
7.564999999999967e-08,4.334445708407061e-05
7.569999999999968e-08,4.334445576784193e-05
7.574999999999968e-08,4.334445659291725e-05
7.579999999999969e-08,4.334445789888935e-05
7.584999999999969e-08,4.334445920486146e-05
7.589999999999969e-08,4.334446051083356e-05
7.59499999999997e-08,4.334446181680567e-05
7.59999999999997e-08,4.334446312277777e-05
7.60499999999997e-08,4.360697652834769e-05
7.609999999999971e-08,4.41206678775061e-05
7.614999999999971e-08,4.41194985262791e-05
7.619999999999972e-08,4.41201240029905e-05
7.624999999999972e-08,4.412018327631846e-05
7.629999999999972e-08,4.412016071069284e-05
7.634999999999973e-08,4.41201647623378e-05
7.639999999999973e-08,4.412017843917312e-05
7.644999999999973e-08,4.412017038566083e-05
7.649999999999974e-08,4.412016012157375e-05
7.654999999999974e-08,4.412017376442253e-05
7.659999999999975e-08,4.412017937183225e-05
7.664999999999975e-08,4.412015558578478e-05
7.669999999999975e-08,4.412016923248586e-05
7.674999999999976e-08,4.412018287918695e-05
7.679999999999976e-08,4.412016114923458e-05
7.684999999999977e-08,4.412016469428979e-05
7.689999999999977e-08,4.412017834734921e-05
7.694999999999977e-08,4.412017022403506e-05
7.699999999999978e-08,4.412016015209719e-05
7.704999999999978e-08,4.412017380425198e-05
7.709999999999978e-08,4.412017929693595e-05
7.714999999999979e-08,4.412015562196343e-05
7.719999999999979e-08,4.412016926673818e-05
7.72499999999998e-08,4.412018291151294e-05
7.72999999999998e-08,4.412017882358732e-05
7.73499999999998e-08,4.412017201313643e-05
7.739999999999981e-08,4.412016520268553e-05
7.744999999999981e-08,4.412015839223463e-05
7.749999999999981e-08,4.412015692738624e-05
7.754999999999982e-08,4.412016273150663e-05
7.759999999999982e-08,4.412016853562703e-05
7.764999999999983e-08,4.412017433974743e-05
7.769999999999983e-08,4.412018014386782e-05
7.774999999999983e-08,4.412018348880349e-05
7.779999999999984e-08,4.412017768653858e-05
7.784999999999984e-08,4.412017188427368e-05
7.789999999999984e-08,4.412016608200878e-05
7.794999999999985e-08,4.412016027974387e-05
7.799999999999985e-08,4.412015447747897e-05
7.804999999999986e-08,4.411027297041513e-05
7.809999999999986e-08,4.336945004296052e-05
7.814999999999986e-08,4.33457258841402e-05
7.819999999999987e-08,4.334454316954086e-05
7.824999999999987e-08,4.334446130785622e-05
7.829999999999987e-08,4.33444609593697e-05
7.834999999999988e-08,4.334446058733315e-05
7.839999999999988e-08,4.33444575080825e-05
7.844999999999989e-08,4.334445950563397e-05
7.849999999999989e-08,4.334446088988403e-05
7.854999999999989e-08,4.334445806581385e-05
7.85999999999999e-08,4.334445889467735e-05
7.86499999999999e-08,4.3344461475174e-05
7.86999999999999e-08,4.334445839925196e-05
7.874999999999991e-08,4.334445789300977e-05
7.879999999999991e-08,4.334446212510673e-05
7.884999999999992e-08,4.334445881715098e-05
7.889999999999992e-08,4.334445676727436e-05
7.894999999999992e-08,4.334446281412932e-05
7.899999999999993e-08,4.334445932894535e-05
7.904999999999993e-08,4.334445584376136e-05
7.909999999999993e-08,4.334446269585588e-05
7.914999999999994e-08,4.334445986212685e-05
7.919999999999994e-08,4.334445625577333e-05
7.924999999999995e-08,4.33444570999397e-05
7.929999999999995e-08,4.334445885816145e-05
7.934999999999995e-08,4.334446061638319e-05
7.939999999999996e-08,4.334446237460493e-05
7.944999999999996e-08,4.334446222139052e-05
7.949999999999996e-08,4.334446096099817e-05
7.954999999999997e-08,4.334445970060583e-05
7.959999999999997e-08,4.334445844021348e-05
7.964999999999998e-08,4.334445717982114e-05
7.969999999999998e-08,4.334445591942879e-05
7.974999999999998e-08,4.334445670946602e-05
7.979999999999999e-08,4.334445795998342e-05
7.984999999999999e-08,4.334445921050083e-05
7.989999999999999e-08,4.334446046101823e-05
7.995e-08,4.334446171153563e-05
8e-08,4.334446296205304e-05
8.005000000000001e-08,4.370204561095023e-05
8.010000000000001e-08,4.430118211697118e-05
8.015000000000001e-08,4.430454552583143e-05
8.020000000000002e-08,4.430551630678024e-05
8.025000000000002e-08,4.430580228438223e-05
8.030000000000002e-08,4.430544895468653e-05
8.035000000000003e-08,4.430561585058096e-05
8.040000000000003e-08,4.430576937760045e-05
8.045000000000004e-08,4.430558627169086e-05
8.050000000000004e-08,4.430540316578126e-05
8.055000000000004e-08,4.4305507922743e-05
8.060000000000005e-08,4.430563494309617e-05
8.065000000000005e-08,4.430576196344934e-05
8.070000000000005e-08,4.430576558486931e-05
8.075000000000006e-08,4.430567709621641e-05
8.080000000000006e-08,4.430558860756352e-05
8.085000000000007e-08,4.430550011891062e-05
8.090000000000007e-08,4.430541163025773e-05
8.095000000000007e-08,4.430557147206156e-05
8.100000000000008e-08,4.430581687452729e-05
8.105000000000008e-08,4.430569515350501e-05
8.110000000000008e-08,4.430557199203141e-05
8.115000000000009e-08,4.430544883055781e-05
8.120000000000009e-08,4.430553027561705e-05
8.12500000000001e-08,4.430581568858791e-05
8.13000000000001e-08,4.430567812259596e-05
8.13500000000001e-08,4.430553487812e-05
8.140000000000011e-08,4.430539163364405e-05
8.145000000000011e-08,4.430572085415868e-05
8.150000000000011e-08,4.4305696110015e-05
8.155000000000012e-08,4.430552058616854e-05
8.160000000000012e-08,4.430547693277292e-05
8.165000000000013e-08,4.4305785782506e-05
8.170000000000013e-08,4.430557447455196e-05
8.175000000000013e-08,4.430539729246179e-05
8.180000000000014e-08,4.430557118640533e-05
8.185000000000014e-08,4.430574508034888e-05
8.190000000000014e-08,4.430572942812388e-05
8.195000000000015e-08,4.430555508114225e-05
8.200000000000015e-08,4.430538073416062e-05
8.205000000000016e-08,4.426530961994673e-05
8.210000000000016e-08,4.343939738438973e-05
8.215000000000016e-08,4.340314560047785e-05
8.220000000000017e-08,4.340128315160093e-05
8.225000000000017e-08,4.340123473576484e-05
8.230000000000017e-08,4.340113985080664e-05
8.235000000000018e-08,4.340108609613228e-05
8.240000000000018e-08,4.340113305787436e-05
8.245000000000019e-08,4.340117811091849e-05
8.250000000000019e-08,4.3401221175626e-05
8.255000000000019e-08,4.340121195909597e-05
8.26000000000002e-08,4.340112730299615e-05
8.26500000000002e-08,4.340110276534692e-05
8.27000000000002e-08,4.340117297002521e-05
8.275000000000021e-08,4.340122513115118e-05
8.280000000000021e-08,4.340116759965705e-05
8.285000000000022e-08,4.340111006816291e-05
8.290000000000022e-08,4.340115162686346e-05
8.295000000000022e-08,4.340122716525567e-05
8.300000000000023e-08,4.340116747352855e-05
8.305000000000023e-08,4.340110778180144e-05
8.310000000000023e-08,4.340110345498282e-05
8.315000000000024e-08,4.340113322815179e-05
8.320000000000024e-08,4.340116300132075e-05
8.325000000000025e-08,4.340119277448972e-05
8.330000000000025e-08,4.340122254765869e-05
8.335000000000025e-08,4.340123292958742e-05
8.340000000000026e-08,4.34012095531994e-05
8.345000000000026e-08,4.340118617681139e-05
8.350000000000026e-08,4.340116280042338e-05
8.355000000000027e-08,4.340113942403537e-05
8.360000000000027e-08,4.340111604764736e-05
8.365000000000028e-08,4.340109267125934e-05
8.370000000000028e-08,4.340110118787346e-05
8.375000000000028e-08,4.340112454653658e-05
8.380000000000029e-08,4.340114790519972e-05
8.385000000000029e-08,4.340117126386285e-05
8.390000000000029e-08,4.340119462252597e-05
8.39500000000003e-08,4.34012179811891e-05
8.40000000000003e-08,4.340124133985237e-05
8.405000000000031e-08,4.369080388982535e-05
8.410000000000031e-08,4.430171763526056e-05
8.415000000000031e-08,4.430431774698705e-05
8.420000000000032e-08,4.430551998035318e-05
8.425000000000032e-08,4.430561436983499e-05
8.430000000000032e-08,4.430558766511112e-05
8.435000000000033e-08,4.430560622333241e-05
8.440000000000033e-08,4.430560929102423e-05
8.445000000000034e-08,4.430559370689372e-05
8.450000000000034e-08,4.430561058409821e-05
8.455000000000034e-08,4.430559969458933e-05
8.460000000000035e-08,4.430559882893605e-05
8.465000000000035e-08,4.430561421981864e-05
8.470000000000035e-08,4.43055917045547e-05
8.475000000000036e-08,4.430560311190852e-05
8.480000000000036e-08,4.430561401519544e-05
8.485000000000037e-08,4.430560186675394e-05
8.490000000000037e-08,4.430559119441781e-05
8.495000000000037e-08,4.430560300828303e-05
8.500000000000038e-08,4.430561482217096e-05
8.505000000000038e-08,4.37274525332413e-05
8.510000000000038e-08,4.372731189869702e-05
8.515000000000039e-08,4.372629569338933e-05
8.520000000000039e-08,4.372739454094455e-05
8.52500000000004e-08,4.372666646779352e-05
8.53000000000004e-08,4.372599993304078e-05
8.53500000000004e-08,4.372647702996184e-05
8.540000000000041e-08,4.37269541268829e-05
8.545000000000041e-08,4.372743122380396e-05
8.550000000000041e-08,4.372713851518061e-05
8.555000000000042e-08,4.372683481835048e-05
8.560000000000042e-08,4.372653112152035e-05
8.565000000000043e-08,4.372622742469023e-05
8.570000000000043e-08,4.372601637505513e-05
8.575000000000043e-08,4.372625327892277e-05
8.580000000000044e-08,4.372649018279041e-05
8.585000000000044e-08,4.372672708665805e-05
8.590000000000044e-08,4.372696399052568e-05
8.595000000000045e-08,4.372720089439333e-05
8.600000000000045e-08,4.372743779825931e-05
8.605000000000046e-08,4.371480539344095e-05
8.610000000000046e-08,4.294478404744958e-05
8.615000000000046e-08,4.291438043597865e-05
8.620000000000047e-08,4.291276598190749e-05
8.625000000000047e-08,4.291273810215477e-05
8.630000000000047e-08,4.291254347014656e-05
8.635000000000048e-08,4.291265557025055e-05
8.640000000000048e-08,4.291269137977929e-05
8.645000000000049e-08,4.291258077617081e-05
8.650000000000049e-08,4.291269742240052e-05
8.655000000000049e-08,4.291260854063769e-05
8.66000000000005e-08,4.291262221992272e-05
8.66500000000005e-08,4.291273995425429e-05
8.670000000000051e-08,4.29125456336324e-05
8.675000000000051e-08,4.291266443505808e-05
8.680000000000051e-08,4.291267620251723e-05
8.685000000000052e-08,4.291258756185382e-05
8.690000000000052e-08,4.291270738558408e-05
8.695000000000052e-08,4.291259060286715e-05
8.700000000000053e-08,4.291263024321475e-05
8.705000000000053e-08,4.291274618572532e-05
8.710000000000054e-08,4.29125518451739e-05
8.715000000000054e-08,4.291267359353665e-05
8.720000000000054e-08,4.291272763775211e-05
8.725000000000055e-08,4.291266658844405e-05
8.730000000000055e-08,4.291260553913599e-05
8.735000000000055e-08,4.291254448982793e-05
8.740000000000056e-08,4.291266537943732e-05
8.745000000000056e-08,4.291271645429923e-05
8.750000000000057e-08,4.291263928433879e-05
8.755000000000057e-08,4.291256211437836e-05
8.760000000000057e-08,4.291256673285112e-05
8.765000000000058e-08,4.291261687091652e-05
8.770000000000058e-08,4.291266700898191e-05
8.775000000000058e-08,4.29127171470473e-05
8.780000000000059e-08,4.291273505475239e-05
8.785000000000059e-08,4.291268485629386e-05
8.79000000000006e-08,4.291263465783532e-05
8.79500000000006e-08,4.291258445937679e-05
8.80000000000006e-08,4.291253426091882e-05
8.805000000000061e-08,4.317911684645709e-05
8.810000000000061e-08,4.403906030611162e-05
8.815000000000061e-08,4.41192408037603e-05
8.820000000000062e-08,4.412012857816015e-05
8.825000000000062e-08,4.412016639846404e-05
8.830000000000063e-08,4.412017200561607e-05
8.835000000000063e-08,4.41201629748979e-05
8.840000000000063e-08,4.412017379915781e-05
8.845000000000064e-08,4.412016325631446e-05
8.850000000000064e-08,4.41201756485641e-05
8.855000000000064e-08,4.412016478385807e-05
8.860000000000065e-08,4.412017722125125e-05
8.865000000000065e-08,4.41201664431637e-05
8.870000000000066e-08,4.412017392075012e-05
8.875000000000066e-08,4.412016808427597e-05
8.880000000000066e-08,4.412017065163618e-05
8.885000000000067e-08,4.412016968089826e-05
8.890000000000067e-08,4.412016734574005e-05
8.895000000000067e-08,4.412017137686663e-05
8.900000000000068e-08,4.412016203190366e-05
8.905000000000068e-08,4.412016780238098e-05
8.910000000000069e-08,4.412017357285829e-05
8.915000000000069e-08,4.412017512350943e-05
8.920000000000069e-08,4.412016331886046e-05
8.92500000000007e-08,4.412016589041907e-05
8.93000000000007e-08,4.412017192760765e-05
8.93500000000007e-08,4.412017796479623e-05
8.940000000000071e-08,4.412017546920297e-05
8.945000000000071e-08,4.412017240058443e-05
8.950000000000072e-08,4.412016933196589e-05
8.955000000000072e-08,4.412016626334734e-05
8.960000000000072e-08,4.41201631947288e-05
8.965000000000073e-08,4.412016122669645e-05
8.970000000000073e-08,4.412016366942559e-05
8.975000000000073e-08,4.412016611215474e-05
8.980000000000074e-08,4.412016855488389e-05
8.985000000000074e-08,4.412017099761304e-05
8.990000000000075e-08,4.412017344034218e-05
8.995000000000075e-08,4.412017588307134e-05
9.000000000000075e-08,4.412017832580005e-05
9.005000000000076e-08,4.411026641051199e-05
9.010000000000076e-08,4.336945294479654e-05
9.015000000000076e-08,4.334571945059982e-05
9.020000000000077e-08,4.334454033290458e-05
9.025000000000077e-08,4.334445647552616e-05
9.030000000000078e-08,4.334446431141558e-05
9.035000000000078e-08,4.334446343925869e-05
9.040000000000078e-08,4.33444529933857e-05
9.045000000000079e-08,4.334446008478574e-05
9.050000000000079e-08,4.334446475430907e-05
9.055000000000079e-08,4.334445468790007e-05
9.06000000000008e-08,4.334445736164001e-05
9.06500000000008e-08,4.334446631351135e-05
9.070000000000081e-08,4.334445612169896e-05
9.075000000000081e-08,4.334445432351363e-05
9.080000000000081e-08,4.334446789841626e-05
9.085000000000082e-08,4.334445760291887e-05
9.090000000000082e-08,4.334445123806059e-05
9.095000000000082e-08,4.334446948279244e-05
9.100000000000083e-08,4.334445914030004e-05
9.105000000000083e-08,4.334444879780763e-05
9.110000000000084e-08,4.334446886766842e-05
9.115000000000084e-08,4.334446066063296e-05
9.120000000000084e-08,4.334445032905466e-05
9.125000000000085e-08,4.334445286719085e-05
9.130000000000085e-08,4.334445797137786e-05
9.135000000000085e-08,4.334446307556486e-05
9.140000000000086e-08,4.334446817975187e-05
9.145000000000086e-08,4.334446768657748e-05
9.150000000000087e-08,4.334446402156114e-05
9.155000000000087e-08,4.334446035654478e-05
9.160000000000087e-08,4.334445669152843e-05
9.165000000000088e-08,4.334445302651207e-05
9.170000000000088e-08,4.334444936149572e-05
9.175000000000088e-08,4.334445168802736e-05
9.180000000000089e-08,4.334445533736955e-05
9.185000000000089e-08,4.334445898671173e-05
9.19000000000009e-08,4.334446263605391e-05
9.19500000000009e-08,4.334446628539609e-05
9.20000000000009e-08,4.334446993473879e-05
9.205000000000091e-08,4.360698009441843e-05
9.210000000000091e-08,4.412066643761764e-05
9.215000000000091e-08,4.411949734123668e-05
9.220000000000092e-08,4.412012417208551e-05
9.225000000000092e-08,4.412018157248731e-05
9.230000000000093e-08,4.412016179752388e-05
9.235000000000093e-08,4.41201653587055e-05
9.240000000000093e-08,4.412017738010217e-05
9.245000000000094e-08,4.412017029931715e-05
9.250000000000094e-08,4.412016126441989e-05
9.255000000000094e-08,4.412017325551204e-05
9.260000000000095e-08,4.412017819168966e-05
9.265000000000095e-08,4.412015727196264e-05
9.270000000000096e-08,4.412016927117231e-05
9.275000000000096e-08,4.412018127038198e-05
9.280000000000096e-08,4.412016217160911e-05
9.285000000000097e-08,4.412016527753591e-05
9.290000000000097e-08,4.412017728792535e-05
9.295000000000097e-08,4.412017015565824e-05
9.300000000000098e-08,4.412016127631795e-05
9.305000000000098e-08,4.412017329117955e-05
9.310000000000099e-08,4.41201781449743e-05
9.315000000000099e-08,4.412015728301904e-05
9.320000000000099e-08,4.412016929643067e-05
9.3250000000001e-08,4.412018130984231e-05
9.3300000000001e-08,4.412017772368201e-05
9.3350000000001e-08,4.412017172812492e-05
9.340000000000101e-08,4.412016573256782e-05
9.345000000000101e-08,4.412015973701072e-05
9.350000000000102e-08,4.412015843840232e-05
9.355000000000102e-08,4.412016354882949e-05
9.360000000000102e-08,4.412016865925667e-05
9.365000000000103e-08,4.412017376968384e-05
9.370000000000103e-08,4.412017888011102e-05
9.375000000000103e-08,4.412018182954368e-05
9.380000000000104e-08,4.412017672058264e-05
9.385000000000104e-08,4.412017161162159e-05
9.390000000000105e-08,4.412016650266055e-05
9.395000000000105e-08,4.41201613936995e-05
9.400000000000105e-08,4.412015628473798e-05
9.405000000000106e-08,4.411027294312995e-05
9.410000000000106e-08,4.336945018145667e-05
9.415000000000106e-08,4.334572568316259e-05
9.420000000000107e-08,4.334454308284119e-05
9.425000000000107e-08,4.334446117346379e-05
9.430000000000108e-08,4.334446105087448e-05
9.435000000000108e-08,4.334446066682567e-05
9.440000000000108e-08,4.33444573850689e-05
9.445000000000109e-08,4.334445951896471e-05
9.450000000000109e-08,4.3344460994495e-05
9.455000000000109e-08,4.334445797676601e-05
9.46000000000011e-08,4.334445885151551e-05
9.46500000000011e-08,4.334446160228353e-05
9.470000000000111e-08,4.334445834157339e-05
9.475000000000111e-08,4.334445779859261e-05
9.480000000000111e-08,4.334446227210854e-05
9.485000000000112e-08,4.334445878822574e-05
9.490000000000112e-08,4.334445662681803e-05
9.495000000000112e-08,4.334446297842436e-05
9.500000000000113e-08,4.334445932616046e-05
9.505000000000113e-08,4.334445567389656e-05
9.510000000000114e-08,4.334446283988827e-05
9.515000000000114e-08,4.334445988287862e-05
9.520000000000114e-08,4.334445611827533e-05
9.525000000000115e-08,4.334445700017939e-05
9.530000000000115e-08,4.334445883642687e-05
9.535000000000115e-08,4.334446067267435e-05
9.540000000000116e-08,4.334446250892184e-05
9.545000000000116e-08,4.334446234898566e-05
9.550000000000117e-08,4.334446103275686e-05
9.555000000000117e-08,4.334445971652805e-05
9.560000000000117e-08,4.334445840029924e-05
9.565000000000118e-08,4.334445708407044e-05
9.570000000000118e-08,4.334445576784163e-05
9.575000000000118e-08,4.334445659291704e-05
9.580000000000119e-08,4.334445789888927e-05
9.585000000000119e-08,4.334445920486151e-05
9.59000000000012e-08,4.334446051083375e-05
9.59500000000012e-08,4.334446181680599e-05
9.60000000000012e-08,4.334446312277892e-05
9.605000000000121e-08,4.360697652838267e-05
9.610000000000121e-08,4.412066787750562e-05
9.615000000000122e-08,4.411949852627887e-05
9.620000000000122e-08,4.412012400299064e-05
9.625000000000122e-08,4.412018327631849e-05
9.630000000000123e-08,4.412016071069302e-05
9.635000000000123e-08,4.4120164762338e-05
9.640000000000123e-08,4.412017843917333e-05
9.645000000000124e-08,4.412017038566093e-05
9.650000000000124e-08,4.412016012157369e-05
9.655000000000125e-08,4.412017376442243e-05
9.660000000000125e-08,4.412017937183217e-05
9.665000000000125e-08,4.412015558578481e-05
9.670000000000126e-08,4.41201692324858e-05
9.675000000000126e-08,4.41201828791868e-05
9.680000000000126e-08,4.412016114923461e-05
9.685000000000127e-08,4.412016469428984e-05
9.690000000000127e-08,4.412017834734928e-05
9.695000000000128e-08,4.4120170224035e-05
9.700000000000128e-08,4.412016015209694e-05
9.705000000000128e-08,4.412017380425193e-05
9.710000000000129e-08,4.412017929693609e-05
9.715000000000129e-08,4.412015562196328e-05
9.720000000000129e-08,4.412016926673798e-05
9.72500000000013e-08,4.412018291151267e-05
9.73000000000013e-08,4.412017882358713e-05
9.735000000000131e-08,4.41201720131363e-05
9.740000000000131e-08,4.412016520268547e-05
9.745000000000131e-08,4.412015839223464e-05
9.750000000000132e-08,4.412015692738626e-05
9.755000000000132e-08,4.412016273150669e-05
9.760000000000132e-08,4.412016853562712e-05
9.765000000000133e-08,4.412017433974755e-05
9.770000000000133e-08,4.412018014386799e-05
9.775000000000134e-08,4.412018348880367e-05
9.780000000000134e-08,4.41201776865387e-05
9.785000000000134e-08,4.412017188427373e-05
9.790000000000135e-08,4.412016608200877e-05
9.795000000000135e-08,4.412016027974379e-05
9.800000000000135e-08,4.412015447747822e-05
9.805000000000136e-08,4.411027297039121e-05
9.810000000000136e-08,4.336945004295823e-05
9.815000000000137e-08,4.334572588414001e-05
9.820000000000137e-08,4.334454316954081e-05
9.825000000000137e-08,4.33444613078564e-05
9.830000000000138e-08,4.334446095936968e-05
9.835000000000138e-08,4.334446058733313e-05
9.840000000000138e-08,4.334445750808265e-05
9.845000000000139e-08,4.334445950563397e-05
9.850000000000139e-08,4.334446088988403e-05
9.85500000000014e-08,4.334445806581415e-05
9.86000000000014e-08,4.33444588946775e-05
9.86500000000014e-08,4.334446147517379e-05
9.870000000000141e-08,4.334445839925211e-05
9.875000000000141e-08,4.334445789301002e-05
9.880000000000141e-08,4.334446212510665e-05
9.885000000000142e-08,4.334445881715097e-05
9.890000000000142e-08,4.334445676727435e-05
9.895000000000143e-08,4.334446281412915e-05
9.900000000000143e-08,4.334445932894528e-05
9.905000000000143e-08,4.33444558437614e-05
9.910000000000144e-08,4.334446269585589e-05
9.915000000000144e-08,4.334445986212692e-05
9.920000000000144e-08,4.334445625577343e-05
9.925000000000145e-08,4.334445709993974e-05
9.930000000000145e-08,4.334445885816144e-05
9.935000000000146e-08,4.334446061638314e-05
9.940000000000146e-08,4.334446237460484e-05
9.945000000000146e-08,4.334446222139043e-05
9.950000000000147e-08,4.334446096099808e-05
9.955000000000147e-08,4.334445970060573e-05
9.960000000000147e-08,4.334445844021339e-05
9.965000000000148e-08,4.334445717982104e-05
9.970000000000148e-08,4.334445591942869e-05
9.975000000000149e-08,4.334445670946594e-05
9.980000000000149e-08,4.334445795998337e-05
9.985000000000149e-08,4.33444592105008e-05
9.99000000000015e-08,4.334446046101822e-05
9.99500000000015e-08,4.334446171153565e-05
1.000000000000015e-07,4.334446296205308e-05
